"","GeoUID","Type","Region Name","Area (sq km)","Population","Dwellings","Households","CMA_UID","PR_UID","CSD_UID","CD_UID","v_CA06_2000: Median household income $","v_CA06_1988: Household income in 2005 of private households - 20% sample data","v_CA06_1989: Under $10,000","v_CA06_1990: $10,000 to $19,999","v_CA06_1991: $20,000 to $29,999","v_CA06_1992: $30,000 to $39,999","v_CA06_1993: $40,000 to $49,999","v_CA06_1994: $50,000 to $59,999","v_CA06_1995: $60,000 to $69,999","v_CA06_1996: $70,000 to $79,999","v_CA06_1997: $80,000 to $89,999","v_CA06_1998: $90,000 to $99,999","v_CA06_1999: $100,000 and over","v_CA06_2054: Average value of dwelling $","v_CA06_2060: Tenant one-family households without additional persons spending 30% or more of household income on shelter costs","v_CA06_2063: Owner one-family households without additional persons spending 30% or more of household income on shelter costs","v_CA06_2049: Tenant-occupied private non-farm, non-reserve dwellings","v_CA06_1303: Total visible minority population","v_CA06_1302: Total population by visible minority groups - 20% sample data","v_CA06_1254: University certificate, diploma or degree","v_CA06_103: Rented","v_CA06_102: Owned","v_CA06_101: Total number of occupied private dwellings by housing tenure - 20% sample data","v_CA06_1248: Total population 25 to 64 years by highest certificate, diploma or degree - 20% sample data","v_CA06_451: Total - Mobility status 1 year ago - 20% sample data","v_CA06_453: Movers","v_CA06_455: Migrants","v_CA06_456: Internal migrants","v_CA06_457: Intraprovincial migrants","v_CA06_458: Interprovincial migrants","v_CA06_459: External migrants"
"1","9330001.01","CT","Vancouver",1.04441,6259,2292,2250,"59933","59","5915022","5915",55179,2250,90,215,205,235,300,205,185,130,125,145,410,411520,140,175,995,3210,6085,1325,995,1255,2250,3415,6045,450,165,90,70,25,70
"2","9330001.02","CT","Vancouver",2.07433,4616,1775,1698,"59933","59","5915022","5915",57724,1695,90,140,135,220,110,195,125,100,120,160,310,417005,95,180,560,2940,4530,1305,560,1140,1695,2605,4465,770,160,110,110,0,50
"3","9330002.01","CT","Vancouver",2.04952,5713,2496,2390,"59933","59","5915022","5915",53029,2390,180,205,180,295,255,215,235,145,75,135,470,493110,140,225,895,3430,5710,1480,895,1490,2390,3475,5650,905,455,355,265,90,100
"4","9330002.02","CT","Vancouver",1.65656,7889,2717,2573,"59933","59","5915022","5915",56726,2570,115,285,215,315,180,235,200,145,185,85,605,608483,170,240,805,5675,7695,1615,805,1765,2570,4350,7670,1100,405,215,185,30,190
"5","9330003.01","CT","Vancouver",0.5394,3667,1158,1096,"59933","59","5915022","5915",52873,1100,45,110,125,135,100,110,130,80,55,20,185,564002,80,150,380,3225,3665,630,385,710,1095,1980,3635,565,235,80,55,20,155
"6","9330003.02","CT","Vancouver",1.19505,4548,1364,1250,"59933","59","5915022","5915",53240,1245,120,95,120,130,145,110,145,90,75,35,175,562255,100,175,485,3970,4410,705,490,760,1250,2455,4335,810,230,105,70,40,130
"7","9330004.01","CT","Vancouver",1.62457,4233,1471,1382,"59933","59","5915022","5915",56607,1380,85,125,145,140,150,100,105,95,120,40,280,591682,65,105,465,3085,3975,1075,465,915,1380,2165,3960,490,220,105,90,10,110
"8","9330004.02","CT","Vancouver",1.25734,5406,1702,1537,"59933","59","5915022","5915",54245,1540,120,80,180,145,160,220,165,110,85,90,185,610643,115,190,650,4780,5395,945,650,885,1535,2965,5330,1065,375,160,120,45,210
"9","9330005.00","CT","Vancouver",1.56517,7451,4376,4140,"59933","59","5915022","5915",33810,4140,550,600,620,715,590,290,295,155,135,80,110,270683,560,70,3665,3925,7450,2415,3670,470,4140,5215,7365,1990,955,490,315,180,460
"10","9330006.01","CT","Vancouver",0.91503,4710,1702,1623,"59933","59","5915022","5915",49804,1620,110,160,175,225,140,115,125,115,25,55,380,712075,110,205,470,3510,4700,1300,470,1150,1620,2705,4675,585,245,120,105,15,125
"11","9330006.02","CT","Vancouver",1.07638,5373,1864,1768,"59933","59","5915022","5915",50894,1770,140,225,160,205,135,115,120,85,85,75,405,695454,210,235,660,3825,5070,1435,665,1105,1770,2870,5030,985,495,245,125,120,250
"12","9330007.01","CT","Vancouver",2.84475,5158,1950,1890,"59933","59","5915022","5915",64181,1890,85,230,145,175,135,105,115,95,95,75,625,889770,35,230,530,2320,5155,1560,530,1360,1890,2830,5120,675,260,120,95,25,140
"13","9330007.02","CT","Vancouver",1.43,3692,1199,1165,"59933","59","5915022","5915",82915,1165,50,90,65,85,65,90,60,50,40,55,505,1348063,85,155,290,1940,3690,1340,290,870,1160,2035,3655,740,290,105,70,40,180
"14","9330008.01","CT","Musqueam 2",3.2171,1371,507,458,"59933","59","5915803","5915",57606,455,45,50,35,35,30,30,25,20,20,25,135,0,0,0,0,235,1365,235,95,290,460,680,1350,195,100,70,60,10,30
"15","9330008.02","CT","Vancouver",3.75308,4293,1548,1477,"59933","59","5915022","5915",98658,1480,80,40,75,80,85,85,110,45,70,85,720,1203707,55,165,190,1335,4290,1460,190,1290,1480,2180,4255,590,195,115,80,40,75
"16","9330009.00","CT","Vancouver",1.66866,7473,3407,3217,"59933","59","5915022","5915",49012,3215,320,270,395,340,295,215,240,135,105,120,785,892971,300,285,1525,3635,7470,2655,1525,1690,3215,4150,7410,1515,690,295,190,100,400
"17","9330010.01","CT","Vancouver",1.38768,5169,2098,1984,"59933","59","5915022","5915",51091,1985,205,265,120,205,165,190,135,95,65,60,480,823641,255,265,725,3960,5165,1595,725,1260,1985,2710,5130,800,325,115,85,25,210
"18","9330010.02","CT","Vancouver",1.36786,4737,1669,1614,"59933","59","5915022","5915",57673,1615,115,115,200,205,105,105,75,95,65,40,505,1099989,265,200,685,3545,4620,1465,685,925,1615,2450,4595,715,255,90,75,15,165
"19","9330011.00","CT","Vancouver",1.63421,6624,2390,2222,"59933","59","5915022","5915",49346,2225,150,275,265,225,200,200,125,170,110,75,420,610360,165,185,985,5350,6625,1250,980,1235,2220,3515,6555,1050,300,140,120,25,160
"20","9330012.00","CT","Vancouver",1.54649,7797,2903,2693,"59933","59","5915022","5915",55201,2690,175,175,310,270,250,285,215,220,160,100,525,636284,175,355,980,5340,7785,2035,975,1715,2690,4435,7690,995,240,130,90,40,110
"21","9330013.01","CT","Vancouver",1.15459,6132,2130,1973,"59933","59","5915022","5915",50199,1970,125,255,225,195,180,190,150,130,120,90,305,559221,80,225,695,4810,6125,1060,690,1280,1970,3345,6035,805,230,85,60,20,145
"22","9330013.02","CT","Vancouver",1.10752,8341,2684,2499,"59933","59","5915022","5915",49617,2495,160,285,315,290,205,250,185,200,80,100,425,597775,175,285,940,7330,8340,1365,940,1560,2495,4450,8220,1245,480,200,175,30,280
"23","9330014.01","CT","Vancouver",0.50785,2763,915,865,"59933","59","5915022","5915",49988,880,25,90,130,105,90,60,95,75,60,45,110,631938,90,90,315,2420,2745,515,315,560,880,1580,2725,360,75,30,25,10,45
"24","9330014.02","CT","Vancouver",0.81187,5601,1901,1823,"59933","59","5915022","5915",38063,1810,130,275,275,255,155,110,90,120,50,65,290,586609,130,185,770,4675,5600,680,770,1040,1810,2930,5550,825,270,125,60,65,140
"25","9330015.01","CT","Vancouver",0.94123,4773,1463,1403,"59933","59","5915022","5915",60918,1400,40,80,125,140,155,145,70,100,105,95,340,637744,60,135,290,3925,4765,865,285,1120,1400,2555,4710,715,250,135,120,25,110
"26","9330015.02","CT","Vancouver",1.34244,5998,2085,1994,"59933","59","5915022","5915",46966,2165,145,360,220,240,165,145,135,80,110,125,435,622103,130,145,905,4135,5890,965,910,1255,2160,2930,5840,860,165,90,70,20,75
"27","9330016.01","CT","Vancouver",0.68672,5061,1780,1680,"59933","59","5915022","5915",41546,1680,105,180,250,255,200,140,110,95,55,60,230,532201,110,205,795,4005,5055,945,795,885,1680,2800,4995,655,365,100,50,50,265
"28","9330016.03","CT","Vancouver",0.66916,9244,4221,3822,"59933","59","5915022","5915",39980,3825,540,555,360,460,435,365,275,185,190,135,320,339103,270,450,1800,7535,9240,2400,1805,2020,3825,5335,9135,2270,875,525,330,190,350
"29","9330016.04","CT","Vancouver",0.94969,7079,2537,2421,"59933","59","5915022","5915",49520,2420,220,205,250,205,360,255,205,110,145,105,375,432127,125,275,780,5405,7060,1270,785,1640,2420,4100,6990,1090,400,220,170,50,180
"30","9330017.01","CT","Vancouver",1.16491,6826,2289,2130,"59933","59","5915022","5915",48677,2130,80,195,220,375,215,135,155,160,125,85,375,597114,145,215,720,6000,6820,1185,715,1415,2130,3770,6720,905,195,95,70,25,105
"31","9330017.02","CT","Vancouver",0.85392,6369,2133,2026,"59933","59","5915022","5915",48279,2025,150,245,245,195,200,160,135,165,115,80,315,489073,130,270,680,5050,6320,1030,680,1345,2025,3525,6265,1150,340,175,160,15,160
"32","9330018.01","CT","Vancouver",0.91813,6716,2250,2097,"59933","59","5915022","5915",48859,2095,90,200,350,235,190,175,135,160,165,65,340,545608,200,235,740,5405,6705,1140,745,1355,2095,3710,6650,1030,195,115,90,25,75
"33","9330018.02","CT","Vancouver",0.99323,6537,2332,2181,"59933","59","5915022","5915",59304,2180,70,130,235,170,220,275,165,210,125,85,485,570080,110,210,715,4560,6525,1390,715,1465,2180,3770,6480,845,290,180,145,40,110
"34","9330019.00","CT","Vancouver",1.88891,5265,2129,1985,"59933","59","5915022","5915",51883,1985,130,255,240,165,170,120,125,140,150,65,420,623525,125,160,805,2885,5145,1400,805,1180,1985,2885,5085,820,185,50,25,25,130
"35","9330020.00","CT","Vancouver",1.39427,2561,906,857,"59933","59","5915022","5915",61741,860,65,55,85,65,65,90,60,25,15,35,300,880442,35,115,155,1490,2230,730,155,705,855,1160,2185,190,70,35,20,15,30
"36","9330021.00","CT","Vancouver",2.20247,4041,1344,1264,"59933","59","5915022","5915",149881,1265,30,30,35,40,65,30,60,25,70,30,850,1667072,20,110,115,1330,4035,1625,120,1150,1265,2095,4000,585,235,115,90,20,120
"37","9330022.00","CT","Vancouver",0.32064,3256,1777,1678,"59933","59","5915022","5915",43225,1675,125,255,185,165,180,165,120,85,60,55,280,647072,270,95,1120,1390,3255,1040,1115,565,1675,1615,3225,885,320,65,30,35,255
"38","9330023.00","CT","Vancouver",1.19867,4454,1456,1400,"59933","59","5915022","5915",84435,1385,95,80,125,80,75,100,75,40,55,60,595,1017450,55,215,240,1785,4370,1580,235,1150,1385,2340,4320,635,265,100,40,60,165
"39","9330024.00","CT","Vancouver",1.70711,6030,2127,2011,"59933","59","5915022","5915",96959,2010,45,90,65,135,180,100,110,90,125,85,970,1044719,60,225,275,1800,6030,2425,275,1730,2010,3220,5955,430,235,190,60,130,45
"40","9330025.00","CT","Vancouver",2.01171,7245,2753,2610,"59933","59","5915022","5915",79798,2610,100,205,135,185,150,185,135,220,115,80,1100,898547,175,305,640,1845,7155,2695,635,1970,2610,3900,7080,1015,465,250,130,125,215
"41","9330026.00","CT","Vancouver",1.26789,4882,1878,1773,"59933","59","5915022","5915",65355,1770,90,180,140,185,140,95,100,75,85,55,630,1009312,55,230,465,2120,4880,1555,470,1310,1775,2605,4830,600,195,85,35,50,110
"42","9330027.00","CT","Vancouver",2.33319,8225,3040,2857,"59933","59","5915022","5915",59827,2860,235,290,215,245,230,220,150,125,135,70,950,916210,175,505,575,4585,8045,2740,575,2285,2860,4150,7990,1490,710,345,280,70,365
"43","9330028.00","CT","Vancouver",1.45895,3188,1273,1188,"59933","59","5915022","5915",72405,1190,70,75,130,80,70,80,70,40,30,45,490,1362675,70,235,410,1500,3225,1065,410,775,1190,1775,3210,490,305,270,205,60,40
"44","9330029.00","CT","Vancouver",1.47949,6005,2711,2463,"59933","59","5915022","5915",61266,2465,110,145,215,240,260,255,175,185,120,85,665,710693,165,180,1030,1815,5830,2235,1030,1435,2465,3660,5755,970,495,300,200,100,190
"45","9330030.00","CT","Vancouver",1.49249,6396,2511,2301,"59933","59","5915022","5915",59820,2305,135,190,200,215,210,200,160,220,125,70,575,623385,135,240,800,3275,6370,1800,800,1500,2300,3825,6285,785,285,165,110,55,120
"46","9330031.01","CT","Vancouver",0.87083,5730,2624,2419,"59933","59","5915022","5915",61779,2415,130,195,195,300,155,205,160,135,135,105,700,720114,110,190,1165,1840,5710,2215,1165,1250,2420,3685,5625,915,335,245,140,105,90
"47","9330031.02","CT","Vancouver",0.67949,4424,1825,1657,"59933","59","5915022","5915",52381,1655,65,160,115,190,220,220,100,140,120,80,240,557300,85,185,685,2440,4415,1330,685,970,1655,2735,4375,680,240,170,95,75,65
"48","9330032.00","CT","Vancouver",1.22868,7235,2820,2584,"59933","59","5915022","5915",49432,2585,175,260,325,285,275,270,150,125,155,145,415,541345,145,305,1110,4615,7215,1515,1110,1475,2585,4300,7140,1020,340,135,60,80,200
"49","9330033.00","CT","Vancouver",1.15104,7555,2797,2573,"59933","59","5915022","5915",49367,2575,125,255,310,350,255,320,200,150,145,100,355,542882,230,320,975,5460,7535,1490,975,1595,2575,4370,7405,1165,340,200,155,40,140
"50","9330034.01","CT","Vancouver",0.66044,4802,1661,1553,"59933","59","5915022","5915",48666,1550,55,140,275,90,235,120,115,145,70,35,270,523692,125,175,490,3770,4780,685,490,1060,1550,2675,4710,620,155,95,95,0,65
"51","9330034.02","CT","Vancouver",1.37945,6667,2321,2179,"59933","59","5915022","5915",51670,2180,125,230,245,245,225,170,150,130,160,95,400,549605,170,200,910,4470,6485,1240,905,1270,2180,3715,6400,985,330,165,125,35,165
"52","9330035.01","CT","Vancouver",0.72262,4247,1703,1473,"59933","59","5915022","5915",45295,1470,105,195,225,155,130,130,105,65,125,45,195,548513,105,155,385,3295,4245,695,385,1085,1470,2315,4205,450,195,100,60,40,95
"53","9330035.02","CT","Vancouver",1.57555,6855,2618,2495,"59933","59","5915022","5915",46632,2495,130,410,285,250,205,280,205,125,130,90,385,525626,200,280,1035,4605,6770,1015,1035,1460,2495,3825,6700,950,295,205,185,20,90
"54","9330036.01","CT","Vancouver",1.37992,5836,1899,1818,"59933","59","5915022","5915",53138,1815,105,140,190,230,170,170,105,195,120,95,285,560835,80,245,500,4465,5730,730,500,1320,1815,3180,5675,620,250,130,70,60,125
"55","9330036.02","CT","Vancouver",1.45435,5649,1864,1783,"59933","59","5915022","5915",59462,1780,115,115,215,180,170,105,105,175,110,95,390,610450,90,235,375,4450,5640,1045,375,1410,1780,3155,5605,655,175,85,70,15,90
"56","9330037.01","CT","Vancouver",0.61572,4900,2248,2013,"59933","59","5915022","5915",45105,2015,175,220,240,270,260,195,145,95,90,50,275,503666,150,130,1185,2660,4860,1110,1185,830,2010,3105,4765,1005,350,250,145,105,100
"57","9330037.02","CT","Vancouver",0.53555,3372,1665,1532,"59933","59","5915022","5915",35243,1530,115,295,215,255,130,100,135,50,60,45,120,439748,75,160,980,1660,3325,830,980,555,1535,2160,3285,670,230,155,105,50,75
"58","9330038.00","CT","Vancouver",0.58957,4782,2665,2404,"59933","59","5915022","5915",37644,2410,220,360,370,370,240,245,190,120,50,70,165,491633,160,75,1740,1925,4605,1450,1740,670,2410,3090,4550,1250,420,230,110,120,195
"59","9330039.01","CT","Vancouver",0.72136,5265,3375,3165,"59933","59","5915022","5915",42493,3165,230,445,370,435,305,255,215,270,100,130,405,514090,125,80,2300,1200,5235,2205,2295,865,3165,4015,5200,1340,395,335,230,105,60
"60","9330039.02","CT","Vancouver",0.61028,5113,2838,2678,"59933","59","5915022","5915",55219,2675,170,260,215,305,275,210,220,200,215,130,475,395817,135,135,1450,1680,4710,1975,1450,1225,2680,3250,4665,1250,535,325,170,155,205
"61","9330040.01","CT","Vancouver",0.28059,3544,2538,2419,"59933","59","5915022","5915",43287,2415,250,290,220,385,340,230,215,95,75,85,235,410276,125,15,2080,715,3545,1645,2075,340,2420,2815,3525,1065,510,355,240,115,150
"62","9330040.02","CT","Vancouver",0.30748,4162,2976,2784,"59933","59","5915022","5915",44055,2785,225,285,325,350,420,275,245,210,125,70,240,344932,115,45,2160,860,4035,1600,2155,625,2785,3040,3965,1165,405,290,165,125,120
"63","9330041.01","CT","Vancouver",0.37453,4297,2853,2695,"59933","59","5915022","5915",52243,2695,170,210,310,325,270,305,255,210,145,80,415,422768,130,65,1830,845,4175,1740,1835,860,2695,2965,4145,945,480,300,165,135,180
"64","9330041.02","CT","Vancouver",0.99748,6612,3514,3267,"59933","59","5915022","5915",59331,3270,225,270,275,350,210,330,215,270,180,135,815,604615,180,260,1440,1505,6605,2700,1440,1830,3270,4390,6540,1500,580,335,240,95,240
"65","9330042.00","CT","Vancouver",1.08967,5900,2735,2529,"59933","59","5915022","5915",62950,2530,130,265,200,185,245,175,195,155,105,135,755,790174,60,330,1035,1260,5890,2450,1030,1495,2530,3640,5815,1065,455,340,160,185,115
"66","9330043.01","CT","Vancouver",0.71355,3918,1808,1649,"59933","59","5915022","5915",68757,1650,145,200,115,155,110,55,50,75,65,50,620,906869,115,95,655,1085,3915,1620,655,990,1645,2215,3865,670,365,225,140,80,140
"67","9330043.02","CT","Vancouver",1.00479,4357,1744,1627,"59933","59","5915022","5915",88419,1625,80,95,90,115,130,50,120,85,65,100,705,1042693,70,220,405,1190,4355,1695,405,1220,1630,2400,4295,735,320,210,135,75,110
"68","9330044.00","CT","Vancouver",2.74332,4715,2247,2107,"59933","59","5915022","5915",74216,2105,125,205,115,180,145,125,105,125,130,85,770,1249416,90,95,850,750,4715,1700,855,1255,2110,2625,4695,655,260,160,90,70,100
"69","9330045.01","CT","Vancouver",0.65879,4759,2652,2423,"59933","59","5915022","5915",63288,2420,170,165,145,215,265,170,200,165,120,155,645,990401,125,175,1240,620,4720,2090,1240,1185,2420,3280,4695,1160,570,360,165,190,205
"70","9330045.02","CT","Vancouver",0.73554,5384,2810,2616,"59933","59","5915022","5915",59061,2615,120,185,275,295,270,205,220,225,110,100,615,637596,160,180,1390,740,5365,2390,1395,1220,2615,3595,5305,1410,590,390,250,140,200
"71","9330046.00","CT","Vancouver",0.49403,4927,3118,2964,"59933","59","5915022","5915",47896,2965,245,330,265,330,415,325,255,145,95,115,435,517285,145,45,2070,615,4925,2045,2075,890,2965,3540,4880,1280,485,315,215,100,165
"72","9330047.01","CT","Vancouver",0.32642,3606,2483,2306,"59933","59","5915022","5915",50548,2305,230,265,190,200,245,225,175,155,125,90,400,595678,145,25,1430,355,3495,1555,1430,875,2305,2615,3465,795,410,230,130,100,180
"73","9330047.02","CT","Vancouver",0.36646,4082,2825,2661,"59933","59","5915022","5915",49605,2660,165,200,260,390,335,325,235,165,115,110,355,409293,100,40,1930,495,4080,1895,1930,730,2660,3175,4040,945,425,300,155,145,125
"74","9330048.00","CT","Vancouver",1.19789,6635,4399,4105,"59933","59","5915022","5915",48883,4105,370,410,395,525,405,390,335,290,135,200,645,487706,205,170,2330,1220,6635,2965,2330,1775,4105,4925,6575,1675,760,510,240,265,250
"75","9330049.01","CT","Vancouver",1.5497,5990,3726,3462,"59933","59","5915022","5915",66384,3460,205,330,255,280,265,230,330,285,200,140,930,412596,140,200,1415,1625,5920,2745,1410,2050,3460,4650,5850,1345,390,290,170,120,100
"76","9330049.02","CT","Vancouver",0.82397,5817,3389,3156,"59933","59","5915022","5915",57716,3155,130,265,310,250,325,375,260,170,240,95,735,483231,210,135,1500,895,5675,2110,1500,1655,3155,3680,5620,670,145,110,55,50,35
"77","9330050.02","CT","Vancouver",0.69258,6086,3532,3347,"59933","59","5915022","5915",31110,3345,405,695,535,370,300,355,130,140,140,45,230,358743,305,75,2490,1890,6070,1435,2490,860,3345,3980,6040,1280,435,300,230,70,135
"78","9330050.03","CT","Vancouver",1.2925,4536,2999,2838,"59933","59","5915022","5915",34959,2835,365,410,345,490,355,215,185,140,110,70,140,278142,145,70,1780,1530,4535,1260,1775,1055,2835,3400,4475,1010,285,215,150,70,65
"79","9330050.04","CT","Vancouver",0.30793,3443,2051,1909,"59933","59","5915022","5915",30424,1905,245,465,230,240,235,150,95,90,45,40,65,250583,185,30,1245,1505,3420,885,1245,660,1905,2360,3380,805,170,90,40,50,80
"80","9330051.00","CT","Vancouver",1.27675,7674,2930,2794,"59933","59","5915022","5915",48639,2790,120,325,315,375,295,220,255,155,215,75,450,532098,145,255,995,4410,7590,1380,1000,1795,2795,4340,7565,1025,255,150,85,60,110
"81","9330052.01","CT","Vancouver",1.24103,5722,2131,1981,"59933","59","5915022","5915",42903,1980,115,315,330,175,265,150,135,135,75,40,250,587310,175,190,880,3975,5630,755,880,1100,1980,2970,5585,1000,250,155,125,25,100
"82","9330052.02","CT","Vancouver",1.30103,6277,2188,2093,"59933","59","5915022","5915",53152,2090,145,230,205,230,165,155,150,170,135,100,410,571373,135,185,770,4275,6200,1025,770,1320,2095,3565,6170,645,235,155,145,10,80
"83","9330053.01","CT","Vancouver",2.58893,6309,2409,2234,"59933","59","5915022","5915",54211,2230,80,200,245,250,245,245,180,105,140,115,430,528326,170,220,725,3650,6280,1010,725,1510,2230,3555,6220,770,280,190,165,20,95
"84","9330053.02","CT","Vancouver",0.79147,3089,1291,1172,"59933","59","5915022","5915",47497,1170,65,120,100,170,135,70,90,65,50,45,245,558230,60,95,395,1510,3090,695,395,775,1175,1815,3040,515,310,250,185,65,60
"85","9330054.01","CT","Vancouver",0.57971,3874,1662,1547,"59933","59","5915022","5915",52703,1545,115,155,135,170,135,180,150,100,65,90,245,543295,60,170,685,1605,3825,940,685,860,1545,2435,3820,575,215,185,75,115,30
"86","9330054.02","CT","Vancouver",0.8018,4348,1599,1491,"59933","59","5915022","5915",57367,1490,60,120,120,195,155,135,110,115,80,80,310,532589,65,115,385,2620,4350,845,385,1105,1490,2400,4325,515,170,115,75,40,60
"87","9330055.01","CT","Vancouver",0.81133,5197,2588,2415,"59933","59","5915022","5915",34665,2415,260,460,370,345,260,235,145,80,40,75,150,425365,225,135,1515,2380,5165,885,1515,900,2415,3305,5095,965,240,205,155,50,30
"88","9330055.02","CT","Vancouver",0.66429,4434,2549,2432,"59933","59","5915022","5915",36476,2430,250,445,340,275,275,205,140,170,125,65,150,341945,125,125,1400,1640,4435,945,1395,1035,2430,2950,4400,980,335,200,155,45,135
"89","9330056.01","CT","Vancouver",1.13358,3983,2304,2156,"59933","59","5915022","5915",29295,2160,235,560,315,335,225,140,165,70,25,0,70,319907,190,55,1790,1265,3985,800,1790,370,2155,2595,3950,955,365,335,245,90,30
"90","9330056.02","CT","Vancouver",0.66781,4340,2456,2310,"59933","59","5915022","5915",39809,2310,230,370,255,310,220,170,165,140,85,100,250,454495,175,95,1595,765,4320,1400,1595,715,2310,3050,4280,910,300,240,160,75,60
"91","9330057.01","CT","Vancouver",0.23731,3005,1623,1474,"59933","59","5915022","5915",16477,1470,255,570,245,155,80,70,40,10,15,10,15,1012126,145,15,1410,2200,3005,280,1410,65,1475,1440,2995,370,125,95,50,40,35
"92","9330057.02","CT","Vancouver",1.62653,5084,2510,2303,"59933","59","5915022","5915",25397,2305,230,685,375,225,155,180,100,50,120,45,130,433846,215,85,1675,2855,4900,870,1675,630,2305,2830,4840,785,270,140,70,65,130
"93","9330058.00","CT","Vancouver",1.12654,3734,2734,2370,"59933","59","5915022","5915",11433,2370,775,1035,200,165,60,40,55,10,10,15,0,356551,105,15,2255,1125,3290,345,2250,120,2370,2240,3270,730,230,220,175,40,10
"94","9330059.03","CT","Vancouver",0.56031,10571,6441,5446,"59933","59","5915022","5915",65350,5445,535,430,360,380,355,410,395,370,280,235,1695,710932,240,590,2110,4445,10440,4595,2105,3340,5445,7420,10305,2750,1095,570,380,185,525
"95","9330059.04","CT","Vancouver",0.41412,9096,6771,5996,"59933","59","5915022","5915",39780,5995,950,830,605,625,540,470,345,260,375,170,820,373306,250,205,3480,3035,9065,3495,3480,2520,5995,7010,8925,3095,1220,750,430,320,470
"96","9330059.05","CT","Vancouver",1.64853,10726,6674,5712,"59933","59","5915022","5915",53011,5715,765,445,465,470,475,650,500,400,285,285,975,440055,365,455,2880,4650,10475,4035,2875,2830,5715,7540,10385,3840,1610,1015,680,335,595
"97","9330059.06","CT","Vancouver",0.59059,6205,5027,4449,"59933","59","5915022","5915",12016,4445,1445,1610,460,185,210,160,130,85,25,45,90,304399,175,40,4020,1200,5800,685,4020,425,4450,4490,5800,1960,630,490,290,200,140
"98","9330060.01","CT","Vancouver",0.13821,3047,2184,2030,"59933","59","5915022","5915",41931,2030,270,245,220,240,230,225,155,170,65,30,180,440564,110,20,1735,740,3045,1175,1740,290,2030,2340,3040,880,460,315,185,130,150
"99","9330060.02","CT","Vancouver",0.21914,5633,3959,3731,"59933","59","5915022","5915",35009,3730,370,675,445,615,360,300,295,185,110,60,315,371407,310,65,2985,1345,5630,2095,2980,750,3730,4200,5605,1735,780,415,195,220,360
"100","9330061.00","CT","Vancouver",0.19921,4787,3504,3288,"59933","59","5915022","5915",40062,3290,380,445,380,430,455,365,240,145,145,75,230,403093,270,15,2915,1135,4785,1765,2915,370,3285,3525,4765,1560,950,450,205,245,495
"101","9330062.00","CT","Vancouver",0.1623,3262,2476,2249,"59933","59","5915022","5915",44782,2245,210,210,315,240,305,215,220,85,125,80,250,393804,100,40,1635,465,3260,1125,1635,615,2245,2190,3205,560,245,160,75,85,80
"102","9330063.00","CT","Vancouver",0.18298,3574,2389,2238,"59933","59","5915022","5915",38638,2240,270,285,280,340,230,225,160,125,90,60,175,360604,165,45,1645,860,3530,1110,1645,600,2245,2500,3520,940,520,225,120,100,290
"103","9330064.00","CT","Vancouver",0.2299,4614,3183,3001,"59933","59","5915022","5915",34688,3000,575,395,360,420,325,235,220,115,75,90,180,305242,185,40,2675,1445,4560,1645,2675,325,3000,3430,4530,1645,760,375,190,175,390
"104","9330065.00","CT","Vancouver",0.23386,6610,4577,4145,"59933","59","5915022","5915",36388,4145,760,535,430,580,395,295,300,235,135,145,330,367260,330,75,3370,2360,6445,2230,3375,770,4145,4550,6380,2090,1290,440,270,165,850
"105","9330066.00","CT","Vancouver",0.52254,6772,4545,3514,"59933","59","5915022","5915",52147,3515,440,245,350,330,275,250,230,250,200,170,755,644355,310,320,1880,3510,6770,3075,1885,1630,3510,4765,6665,2000,785,420,265,155,365
"106","9330067.00","CT","Vancouver",0.40814,8230,5542,4895,"59933","59","5915022","5915",39530,4890,710,710,530,520,475,370,340,330,125,140,635,677516,395,205,3720,2875,8230,3100,3720,1165,4885,5635,8145,2365,1430,485,260,225,945
"107","9330068.00","CT","Vancouver",4.20222,4846,3530,3286,"59933","59","5915022","5915",40935,3285,265,425,460,395,430,335,215,165,155,50,385,557800,170,60,2715,1055,4845,1935,2715,575,3285,3680,4810,1300,535,290,185,100,245
"108","9330069.00","CT","Greater Vancouver A",14.3318,10831,5672,4409,"59933","59","5915020","5915",36924,4410,895,530,515,430,330,125,215,180,180,150,875,840460,630,410,2650,6015,10720,5210,2650,1760,4410,5995,10610,3965,2095,1050,685,365,1045
"109","9330100.01","CT","North Vancouver",0.97,3654,1530,1425,"59933","59","5915051","5915",58090,1425,45,170,110,145,125,145,120,75,115,55,315,695544,140,135,640,790,3415,895,640,785,1425,2010,3380,640,315,225,215,0,90
"110","9330100.02","CT","North Vancouver",2.99254,6803,3278,3065,"59933","59","5915051","5915",55794,3065,150,260,310,340,290,330,275,255,185,80,590,551057,215,245,1330,1415,6790,1650,1330,1735,3065,4305,6715,1400,525,435,285,150,95
"111","9330101.02","CT","North Vancouver",1.04808,7739,4432,4126,"59933","59","5915051","5915",45139,4125,235,560,545,425,450,360,445,220,170,150,560,385814,280,305,1875,2195,7735,2170,1875,2250,4125,5050,7700,1555,855,650,520,130,210
"112","9330101.03","CT","North Vancouver",0.34326,5035,3287,3093,"59933","59","5915051","5915",42376,3090,265,335,425,375,480,345,225,195,130,125,185,310202,260,160,1955,1415,5035,1470,1955,1135,3095,3485,4955,1455,715,480,400,80,230
"113","9330101.04","CT","North Vancouver",0.30345,3247,2027,1913,"59933","59","5915051","5915",39388,1915,135,320,225,295,260,180,135,105,65,55,135,322452,200,80,1225,1140,3245,750,1225,685,1910,1870,3205,805,395,325,290,40,70
"114","9330102.00","CT","North Vancouver",2.82939,5152,1975,1901,"59933","59","5915051","5915",56685,1900,120,165,190,175,145,205,160,145,90,100,400,525206,140,310,530,1420,5130,1160,540,1235,1900,2910,5100,825,475,235,225,10,235
"115","9330103.00","CT","North Vancouver",1.35212,6793,3470,3304,"59933","59","5915051","5915",45032,3305,185,350,390,520,355,305,305,205,165,65,460,467899,180,345,1380,1640,6770,1590,1380,1925,3305,3990,6705,1275,570,425,330,95,145
"116","9330104.00","CT","North Vancouver",2.37479,7311,2805,2677,"59933","59","5915051","5915",63609,2675,140,155,210,280,220,235,195,165,160,115,795,711817,175,310,895,1760,7300,1590,895,1780,2675,4095,7270,1050,385,300,245,50,80
"117","9330110.01","CT","North Vancouver",40.37125,7527,2776,2652,"59933","59","5915046","5915",89921,2655,70,140,145,130,175,190,145,160,165,125,1205,748935,100,280,515,1155,7525,2285,515,2135,2650,4220,7435,860,205,160,105,55,45
"118","9330110.02","CT","North Vancouver",2.22943,2989,1109,1052,"59933","59","5915046","5915",89808,1050,20,20,40,55,70,85,45,105,75,95,440,758411,25,115,95,510,2985,725,95,960,1050,1605,2960,420,135,115,95,20,20
"119","9330111.01","CT","North Vancouver",4.37208,5924,2353,2270,"59933","59","5915046","5915",71315,2270,100,155,130,175,210,165,165,210,200,120,635,571358,80,250,415,1530,5730,1500,525,1710,2270,3425,5655,1095,415,360,290,60,60
"120","9330111.02","CT","North Vancouver",32.77921,7358,2677,2610,"59933","59","5915046","5915",84454,2610,85,75,115,135,265,190,195,165,135,150,1090,687423,55,375,315,1430,7345,1830,315,2295,2610,3850,7285,700,365,260,190,70,105
"121","9330111.03","CT","North Vancouver",24.43374,3897,1539,1478,"59933","59","5915046","5915",67596,1480,70,105,120,80,135,140,110,170,140,65,340,420576,45,225,285,1015,3890,810,280,1180,1475,2330,3810,535,240,195,175,20,45
"122","9330112.00","CT","North Vancouver",1.06268,2593,1097,1047,"59933","59","5915046","5915",60667,1045,10,85,65,130,105,105,105,45,100,50,245,621140,30,180,200,385,2585,480,205,845,1045,1455,2575,260,150,100,90,10,50
"123","9330113.00","CT","North Vancouver",2.99053,7189,2803,2699,"59933","59","5915046","5915",62653,2700,120,320,205,205,195,230,225,185,130,100,780,586690,175,290,960,1680,7095,1695,960,1735,2695,3745,7030,830,485,240,175,65,245
"124","9330114.00","CT","North Vancouver",3.76711,8064,2750,2655,"59933","59","5915046","5915",88373,2655,50,75,145,165,160,160,220,165,190,240,1080,673320,45,430,275,1700,8010,2180,270,2385,2655,4530,7945,705,255,155,140,15,100
"125","9330115.00","CT","North Vancouver",4.96028,5424,1982,1915,"59933","59","5915046","5915",68137,1915,75,105,155,195,190,135,150,105,90,145,570,655483,75,285,290,1300,5180,1165,290,1620,1915,2885,5150,650,325,240,170,70,85
"126","9330116.00","CT","North Vancouver",15.96385,5165,1855,1790,"59933","59","5915046","5915",87934,1790,45,85,175,125,125,90,65,100,100,110,765,871590,75,225,335,940,5160,1505,335,1460,1790,2835,5135,515,205,125,110,15,85
"127","9330117.00","CT","North Vancouver",2.42383,5771,2134,2055,"59933","59","5915046","5915",92962,2055,65,80,65,105,165,125,105,125,130,110,965,790719,70,255,325,1110,5770,1675,325,1730,2055,3025,5710,420,185,150,120,30,35
"128","9330118.00","CT","North Vancouver",3.55633,7415,3425,3226,"59933","59","5915046","5915",54026,3225,190,350,335,280,335,275,275,170,150,140,725,515702,165,435,905,2485,7415,1930,905,2320,3225,4290,7330,1190,540,325,295,25,215
"129","9330119.00","CT","North Vancouver",1.3332,2202,865,833,"59933","59","5915046","5915",73545,835,20,45,60,90,70,55,60,60,45,45,285,717086,15,85,95,510,2190,545,90,740,830,1115,2180,210,115,60,50,10,50
"130","9330120.00","CT","North Vancouver",2.35026,3854,1387,1343,"59933","59","5915046","5915",87753,1340,55,40,85,90,100,100,65,70,75,70,590,811065,45,270,170,1030,3835,1065,170,1170,1340,1920,3820,500,220,110,70,40,110
"131","9330121.00","CT","North Vancouver",1.83939,4488,1542,1474,"59933","59","5915046","5915",92790,1470,20,30,65,95,105,130,130,70,60,85,685,855710,70,185,180,835,4490,1245,180,1295,1475,2285,4440,375,150,145,125,20,10
"132","9330122.00","CT","North Vancouver",20.56847,4182,1425,1369,"59933","59","5915046","5915",103381,1370,55,25,105,60,65,45,105,75,55,65,715,811053,35,235,115,1065,4175,1380,115,1255,1365,2215,4160,545,230,155,85,70,75
"133","9330130.01","CT","West Vancouver",0.87158,4480,2900,2676,"59933","59","5915055","5915",46991,2675,110,365,265,320,370,275,205,90,70,120,470,847691,200,130,1310,950,4480,1070,1315,1365,2675,1985,4480,615,325,170,135,30,155
"134","9330130.03","CT","Capilano 5",1.48915,4497,2572,2363,"59933","59","5915808","5915",42038,2365,145,345,295,300,250,215,145,135,90,55,385,684605,165,120,1150,1085,4300,1120,1150,1210,2365,1980,4300,635,295,240,150,90,55
"135","9330130.04","CT","Capilano 5",1.79252,2492,1325,1242,"59933","59","5915808","5915",28637,1240,225,210,210,170,100,85,65,30,45,30,75,0,0,0,0,790,2490,455,925,150,1245,1365,2475,500,365,195,160,35,175
"136","9330131.00","CT","West Vancouver",3.36953,7009,2705,2519,"59933","59","5915055","5915",90355,2520,95,230,180,115,135,185,120,105,90,140,1130,1036597,70,320,450,1330,6780,2240,445,2070,2520,3320,6720,765,320,175,75,95,155
"137","9330132.00","CT","West Vancouver",3.26754,3659,1395,1311,"59933","59","5915055","5915",114046,1310,40,60,50,50,65,75,25,75,90,45,730,1560564,35,205,95,335,3660,1190,95,1215,1310,1835,3635,430,170,65,30,35,105
"138","9330133.01","CT","West Vancouver",3.78046,3654,1494,1414,"59933","59","5915055","5915",96903,1415,65,55,85,35,55,90,95,100,55,85,690,1099329,25,185,195,260,3650,1145,195,1215,1415,1945,3595,255,140,115,100,15,25
"139","9330133.02","CT","West Vancouver",36.91672,6195,2278,2183,"59933","59","5915055","5915",125465,2185,70,90,100,130,75,105,100,50,60,85,1310,1266112,30,335,150,940,6190,1940,155,2030,2180,3220,6165,970,560,275,250,25,290
"140","9330134.00","CT","West Vancouver",15.28389,7406,2779,2579,"59933","59","5915055","5915",89089,2575,145,155,165,145,165,125,170,125,95,130,1155,1352025,110,445,350,2685,7330,2205,350,2225,2580,3755,7285,910,335,200,90,115,135
"141","9330135.00","CT","West Vancouver",23.74145,5231,1934,1794,"59933","59","5915055","5915",99726,1795,85,60,120,70,110,65,90,95,100,100,895,1174817,90,280,200,1925,5230,1750,200,1590,1795,2755,5200,455,320,290,225,65,25
"142","9330140.02","CT","Richmond",27.08203,6472,2738,2650,"59933","59","5915015","5915",71479,2650,75,145,210,235,180,210,245,170,180,165,835,480242,35,315,275,2225,6475,1700,280,2370,2650,3930,6415,880,420,330,295,35,90
"143","9330140.03","CT","Richmond",47.52207,4159,1499,1354,"59933","59","5915015","5915",56131,1350,60,80,155,130,175,170,85,130,50,105,215,586555,140,95,695,2360,4155,795,700,650,1350,2320,4095,620,350,260,225,35,90
"144","9330140.04","CT","Richmond",3.08597,4610,1510,1412,"59933","59","5915015","5915",72399,1410,75,55,80,100,110,95,140,170,120,100,370,456792,60,175,235,3160,4610,935,240,1175,1415,2680,4550,835,445,350,265,85,95
"145","9330141.00","CT","Richmond",3.2964,8763,3586,3463,"59933","59","5915015","5915",65332,3460,130,335,260,340,315,235,245,180,250,225,950,513072,160,320,1165,3215,8640,2020,1170,2295,3460,4965,8560,1325,450,310,250,60,140
"146","9330142.01","CT","Richmond",1.47536,6328,2107,2072,"59933","59","5915015","5915",75869,2070,55,110,105,175,145,185,170,195,135,110,675,476922,65,265,235,3060,6320,1535,235,1835,2070,3620,6240,660,240,165,165,0,75
"147","9330142.02","CT","Richmond",1.46079,5089,1835,1799,"59933","59","5915015","5915",77294,1800,35,60,110,135,155,125,165,195,75,160,580,487319,60,175,265,2095,5085,1150,265,1535,1800,2975,5025,480,195,125,95,25,70
"148","9330142.03","CT","Richmond",1.54922,6298,2286,2209,"59933","59","5915015","5915",52405,2205,100,225,260,240,195,210,135,95,140,120,480,453694,150,265,500,2795,6175,1290,500,1710,2210,3305,6120,1020,465,245,195,50,220
"149","9330143.01","CT","Richmond",1.31897,5478,1668,1635,"59933","59","5915015","5915",68309,1635,95,105,150,150,110,140,95,125,120,80,470,539417,45,285,190,3625,5470,1445,190,1445,1635,3215,5425,605,235,115,100,15,120
"150","9330143.02","CT","Richmond",1.29201,4508,1590,1536,"59933","59","5915015","5915",44690,1535,115,280,160,135,120,90,55,80,110,95,295,586249,100,170,535,2775,4380,985,540,995,1535,2375,4335,600,325,170,125,40,155
"151","9330143.03","CT","Richmond",1.34393,4694,1615,1560,"59933","59","5915015","5915",50201,1560,135,125,205,145,170,105,110,125,65,90,290,562516,60,315,260,3135,4690,1000,255,1300,1560,2580,4650,490,185,80,65,10,105
"152","9330143.04","CT","Richmond",1.30406,5677,1762,1722,"59933","59","5915015","5915",62524,1725,65,160,165,130,140,150,150,120,95,75,460,567722,65,340,180,4110,5675,1450,175,1540,1720,3170,5640,835,275,200,160,40,75
"153","9330144.03","CT","Richmond",0.69654,2143,680,659,"59933","59","5915015","5915",76516,655,25,20,25,80,60,70,20,35,35,35,230,494236,25,90,105,1410,2135,350,105,550,655,1255,2135,290,120,45,35,10,70
"154","9330144.04","CT","Richmond",1.30992,5515,2039,1976,"59933","59","5915015","5915",48541,1975,85,210,245,255,220,135,115,150,95,105,350,393525,110,285,710,3185,5390,1325,715,1260,1975,3015,5345,745,300,185,145,40,110
"155","9330144.05","CT","Richmond",0.65553,2332,827,796,"59933","59","5915015","5915",55091,795,15,65,75,125,80,80,50,60,60,40,145,528832,35,125,160,1580,2330,535,165,635,795,1330,2315,210,45,30,20,10,10
"156","9330144.06","CT","Richmond",1.3287,5149,1605,1579,"59933","59","5915015","5915",66464,1585,65,65,90,160,135,155,185,125,110,105,395,466279,45,205,230,3355,5145,1015,230,1355,1585,2900,5090,670,225,145,135,10,75
"157","9330145.00","CT","Richmond",2.71145,7615,2406,2350,"59933","59","5915015","5915",60031,2350,195,190,185,215,165,220,135,130,170,135,605,529503,70,500,265,5385,7605,2070,270,2085,2350,4300,7545,1095,495,190,150,40,305
"158","9330146.00","CT","Richmond",4.76167,6103,2030,1960,"59933","59","5915015","5915",64590,1960,85,130,150,140,180,210,175,155,135,110,490,452313,105,245,465,3845,6095,1060,465,1490,1960,3460,6015,860,290,175,110,65,115
"159","9330147.01","CT","Richmond",2.71228,6447,2540,2302,"59933","59","5915015","5915",43684,2300,310,265,275,200,210,185,170,155,135,65,320,437300,90,635,365,5315,6425,1790,365,1935,2300,4100,6370,2505,1300,1070,935,135,225
"160","9330147.04","CT","Richmond",0.31254,5383,2413,2329,"59933","59","5915015","5915",42128,2330,235,270,315,235,285,240,185,125,165,90,175,274573,130,330,615,3880,5385,1480,615,1710,2330,3235,5340,1155,360,220,205,10,145
"161","9330147.05","CT","Richmond",0.32723,4092,1658,1547,"59933","59","5915015","5915",40598,1550,75,260,250,180,235,100,80,95,70,55,145,306208,150,315,440,3445,4090,1205,440,1110,1545,2535,4045,900,420,245,180,60,175
"162","9330147.06","CT","Richmond",0.65573,7979,3763,3541,"59933","59","5915015","5915",42715,3540,235,415,430,560,420,335,295,240,180,185,235,267340,250,330,1025,5175,7940,2135,1020,2515,3540,4555,7885,1355,535,365,250,115,165
"163","9330147.07","CT","Richmond",0.45034,3816,1941,1771,"59933","59","5915015","5915",27038,1770,295,295,390,190,160,125,90,65,40,25,90,270577,220,245,665,3330,3815,915,665,1105,1770,2160,3805,880,385,165,130,35,220
"164","9330147.08","CT","Richmond",0.61467,6340,2871,2734,"59933","59","5915015","5915",40008,2750,335,345,330,355,330,315,225,210,160,30,105,249582,250,255,1180,4390,6340,1555,1185,1570,2750,3870,6270,1445,630,355,315,35,270
"165","9330148.00","CT","Richmond",3.22902,6006,2642,2420,"59933","59","5915015","5915",31464,2420,235,525,390,270,270,150,170,95,90,35,195,381166,305,190,1085,3960,5745,1525,1085,1335,2420,3085,5685,1355,790,405,255,150,385
"166","9330149.02","CT","Richmond",1.49232,4903,1615,1574,"59933","59","5915015","5915",63875,1575,55,75,135,140,165,160,170,140,100,85,350,572841,70,200,280,3070,4905,1090,275,1300,1575,2835,4825,615,275,155,135,25,115
"167","9330149.03","CT","Richmond",3.10964,7796,2595,2513,"59933","59","5915015","5915",62852,2510,150,220,265,255,150,160,240,115,80,115,760,605829,120,550,340,5320,7790,2045,340,2170,2510,4450,7720,945,530,280,205,75,250
"168","9330149.04","CT","Richmond",1.8332,7609,2868,2753,"59933","59","5915015","5915",55289,2750,195,270,300,285,245,140,250,165,175,90,630,428779,140,345,645,5235,7605,2070,645,2110,2750,4430,7585,1120,440,210,140,70,225
"169","9330149.05","CT","Richmond",0.63758,2111,670,643,"59933","59","5915015","5915",45752,645,70,45,65,95,55,65,30,15,50,25,125,688377,25,145,115,1625,2110,540,115,530,645,1185,2100,340,115,50,45,10,60
"170","9330150.00","CT","Richmond",23.66866,767,298,287,"59933","59","5915015","5915",85037,285,0,10,20,10,20,50,10,0,25,40,100,418946,10,25,40,85,765,70,40,250,285,485,765,80,25,10,10,10,15
"171","9330151.01","CT","Richmond",6.5109,9114,3345,3028,"59933","59","5915015","5915",48163,3025,295,225,360,390,325,330,240,180,145,130,410,455937,170,690,655,7695,9115,2155,665,2360,3030,5400,9035,1920,780,435,385,45,350
"172","9330151.03","CT","Richmond",4.1705,2392,697,672,"59933","59","5915015","5915",56576,675,45,20,45,105,80,70,55,55,40,35,120,521152,25,100,125,1870,2415,275,130,540,670,1355,2375,250,135,105,95,10,35
"173","9330151.05","CT","Richmond",1.26025,3627,1143,1103,"59933","59","5915015","5915",58506,1105,50,70,115,130,90,115,85,80,55,80,235,449006,35,160,220,2640,3560,815,220,880,1105,2010,3540,450,180,125,120,10,50
"174","9330151.06","CT","Richmond",1.95818,5146,1525,1468,"59933","59","5915015","5915",51388,1465,105,130,145,130,180,170,85,105,65,45,295,502199,65,385,230,4585,5145,990,230,1240,1470,2950,5080,890,455,250,205,40,205
"175","9330160.01","CT","Delta",2.19621,4654,1666,1616,"59933","59","5915011","5915",97121,1615,30,45,45,100,110,70,100,95,145,95,780,631044,25,170,90,400,4655,1160,95,1525,1615,2565,4615,270,135,105,45,55,35
"176","9330160.02","CT","Delta",6.59066,7035,3199,3032,"59933","59","5915011","5915",70194,3030,65,215,180,340,275,200,235,195,195,130,995,576776,110,305,695,590,7025,1540,695,2335,3030,3805,6995,980,345,300,230,65,45
"177","9330160.03","CT","Delta",2.64595,5672,2224,2141,"59933","59","5915011","5915",75740,2140,35,145,190,160,115,165,160,160,100,180,730,563168,55,180,330,350,5645,960,330,1815,2145,2790,5625,660,290,255,155,100,35
"178","9330160.04","CT","Delta",2.31372,3572,1692,1613,"59933","59","5915011","5915",58009,1610,60,150,115,215,130,170,70,125,95,95,385,486132,70,75,425,445,3535,685,425,1185,1610,1860,3505,570,185,130,110,25,55
"179","9330161.01","CT","Delta",158.07386,4460,1915,1803,"59933","59","5915011","5915",69936,1800,40,120,145,125,170,175,125,150,65,90,595,622719,50,120,415,590,4270,780,465,1325,1800,2380,4255,520,315,300,270,30,10
"180","9330161.02","CT","Delta",1.82443,5464,2289,2181,"59933","59","5915011","5915",60254,2180,100,255,180,155,175,210,185,130,190,110,490,445752,90,175,705,650,5435,725,705,1475,2180,3060,5395,760,315,290,255,35,25
"181","9330161.03","CT","Delta",2.33341,6549,2374,2320,"59933","59","5915011","5915",73161,2320,35,170,110,215,205,160,180,180,155,190,710,428659,45,265,365,1095,6440,945,365,1955,2320,3470,6380,685,215,170,145,15,50
"182","9330161.05","CT","Delta",1.6162,5571,1953,1901,"59933","59","5915011","5915",71441,1905,50,110,90,180,175,160,140,185,135,75,595,452021,55,205,375,1050,5535,760,375,1525,1900,2995,5445,400,200,165,155,10,35
"183","9330161.06","CT","Delta",0.95812,2802,1059,1023,"59933","59","5915011","5915",75908,1025,15,35,55,70,140,70,90,65,60,135,290,425447,15,115,75,310,2755,480,80,950,1025,1485,2745,375,205,125,125,0,80
"184","9330162.01","CT","Delta",2.12612,5804,1871,1803,"59933","59","5915011","5915",80553,1800,85,45,130,100,100,155,130,140,120,135,660,442071,60,225,155,2405,5695,1330,155,1645,1800,3265,5635,540,380,255,240,15,125
"185","9330162.02","CT","Delta",2.04732,6363,2009,1939,"59933","59","5915011","5915",80719,1935,50,85,85,120,160,130,140,170,170,185,630,459912,35,250,215,2020,6355,910,215,1730,1940,3535,6340,560,370,335,285,50,30
"186","9330162.03","CT","Delta",1.64224,7005,2286,2135,"59933","59","5915011","5915",54240,2135,115,170,205,235,235,200,190,160,130,85,390,467838,100,300,635,4235,6990,820,640,1500,2135,3745,6855,1025,480,425,405,25,55
"187","9330162.04","CT","Delta",4.91875,6015,1885,1844,"59933","59","5915011","5915",96999,1840,75,75,80,75,80,75,90,115,165,105,905,542846,35,240,100,2195,6010,1245,95,1745,1845,3320,5975,620,390,265,250,15,125
"188","9330163.01","CT","Delta",1.69249,3645,1200,1155,"59933","59","5915011","5915",87107,1155,15,45,60,70,100,80,85,75,100,90,435,403966,30,110,120,1050,3645,565,120,1030,1155,2125,3635,245,155,135,115,15,15
"189","9330163.04","CT","Delta",3.47303,5396,1864,1785,"59933","59","5915011","5915",78050,1785,60,85,125,75,145,115,135,170,140,140,590,445112,65,215,200,1175,5400,665,200,1585,1785,3130,5340,480,270,220,205,15,50
"190","9330163.05","CT","Delta",1.64391,5207,1803,1693,"59933","59","5915011","5915",63950,1690,45,155,150,180,135,125,125,170,70,100,430,359880,110,175,415,2410,5190,675,415,1275,1690,2790,5115,490,260,195,180,15,65
"191","9330163.06","CT","Delta",0.99489,3921,1350,1230,"59933","59","5915011","5915",60338,1230,35,130,95,105,110,125,175,90,70,30,255,381804,60,155,420,1910,3915,510,420,810,1230,2085,3850,770,385,345,330,20,35
"192","9330163.07","CT","Delta",1.3168,4455,1487,1413,"59933","59","5915011","5915",65048,1410,40,90,110,120,150,135,125,160,100,55,330,378364,50,135,280,1860,4430,590,285,1130,1410,2405,4360,590,365,315,310,10,50
"193","9330163.08","CT","Delta",1.26301,3812,1285,1204,"59933","59","5915011","5915",73939,1205,25,40,110,115,70,125,105,105,105,65,345,377895,45,115,245,1265,3810,400,245,955,1205,2055,3745,370,175,160,145,15,10
"194","9330170.03","CT","White Rock",0.4846,3450,2493,2331,"59933","59","5915007","5915",36443,2330,160,380,320,390,205,200,220,80,90,80,195,284365,90,55,830,470,3435,505,825,1500,2330,1580,3430,800,495,480,435,45,15
"195","9330170.04","CT","White Rock",2.17458,5253,2459,2248,"59933","59","5915007","5915",61412,2235,90,220,195,170,230,185,120,165,105,120,625,656108,135,235,655,585,5050,1220,655,1580,2235,2905,4995,830,535,495,440,50,35
"196","9330170.05","CT","White Rock",0.32022,2365,1674,1607,"59933","59","5915007","5915",39281,1610,65,295,220,235,210,215,160,70,20,35,75,232343,40,60,665,150,2365,350,670,940,1605,1200,2355,540,290,265,185,80,30
"197","9330170.06","CT","White Rock",2.18477,7687,3566,3340,"59933","59","5915007","5915",61291,3340,215,330,225,280,280,300,205,220,185,210,880,549795,175,335,1055,645,7315,1570,1060,2285,3340,4260,7250,1190,655,525,405,120,135
"198","9330180.01","CT","Surrey",3.06041,5881,2060,1968,"59933","59","5915004","5915",120254,1970,50,85,45,75,85,65,80,85,85,110,1205,670367,25,310,60,1250,5735,1670,60,1905,1965,3435,5635,1375,800,710,445,265,90
"199","9330180.02","CT","Surrey",47.80708,6876,2689,2477,"59933","59","5915004","5915",72245,2475,120,145,180,175,200,205,130,210,150,200,745,826475,95,215,420,540,6830,965,420,2050,2475,3815,6770,685,355,320,295,25,35
"200","9330181.01","CT","Surrey",3.90198,7683,3541,3457,"59933","59","5915004","5915",55201,3455,90,280,440,340,395,310,290,265,135,150,755,455600,95,250,675,1230,7660,1275,675,2780,3455,3530,7625,1135,670,510,305,205,160
"201","9330181.03","CT","Surrey",6.95709,5555,2164,2045,"59933","59","5915004","5915",85673,2045,50,185,160,125,100,110,110,105,120,100,870,864911,55,205,540,340,5535,1300,545,1505,2045,2970,5490,725,235,195,145,50,40
"202","9330181.04","CT","Surrey",6.91133,8176,3322,3236,"59933","59","5915004","5915",74113,3235,125,180,245,240,270,255,220,175,195,210,1115,573343,75,480,395,1090,8170,1565,395,2840,3235,4130,8100,1135,550,500,475,25,50
"203","9330181.05","CT","Surrey",2.46343,7472,3700,3558,"59933","59","5915004","5915",51379,3555,75,335,440,500,360,375,295,325,175,90,590,321969,140,360,790,750,7350,1110,795,2765,3555,3535,7240,945,425,390,340,50,40
"204","9330181.06","CT","Surrey",3.74216,4900,2155,2063,"59933","59","5915004","5915",60233,2065,55,180,175,285,135,190,190,115,100,120,510,397254,20,210,190,270,4785,565,200,1860,2065,2390,4770,360,115,120,110,10,0
"205","9330181.07","CT","Surrey",1.80078,3555,1304,1267,"59933","59","5915004","5915",87049,1265,15,65,65,90,80,90,115,75,50,85,535,673198,25,135,125,270,3550,815,125,1145,1270,1880,3535,310,140,120,105,15,15
"206","9330181.08","CT","Surrey",1.22303,2465,961,925,"59933","59","5915004","5915",86452,925,35,15,60,55,50,45,115,45,55,70,375,659576,10,125,105,175,2465,515,100,825,925,1380,2450,345,135,90,65,20,45
"207","9330181.09","CT","Surrey",3.90092,6298,2261,2211,"59933","59","5915004","5915",87899,2210,50,95,180,160,105,140,120,130,140,110,970,689393,25,270,165,755,6180,1250,165,2040,2210,3055,6165,485,280,200,150,50,80
"208","9330182.01","CT","Surrey",52.02043,3141,1053,960,"59933","59","5915004","5915",83053,960,25,55,60,60,80,75,55,55,35,70,385,924341,15,130,160,990,3140,565,160,800,960,1810,3115,340,160,120,105,20,40
"209","9330182.02","CT","Surrey",2.65043,3059,924,881,"59933","59","5915004","5915",87338,880,15,10,40,65,55,45,60,110,55,70,355,496596,10,190,40,990,3060,525,40,840,880,1735,2970,1030,410,395,290,105,15
"210","9330182.03","CT","Surrey",8.22916,3597,1105,1060,"59933","59","5915004","5915",81985,1060,35,45,75,95,50,90,55,50,70,50,440,556221,30,150,120,1775,3580,590,115,945,1060,1940,3565,385,75,50,45,0,20
"211","9330182.04","CT","Surrey",2.28118,1496,457,451,"59933","59","5915004","5915",94885,455,0,0,15,35,20,25,15,45,50,25,205,550506,10,80,10,400,1515,235,10,440,450,855,1495,95,0,0,0,0,10
"212","9330182.05","CT","Surrey",19.3187,4723,1526,1475,"59933","59","5915004","5915",80164,1475,75,105,85,120,80,70,95,105,80,95,570,532215,45,245,165,1845,4720,715,165,1310,1475,2705,4650,620,250,160,160,10,85
"213","9330182.06","CT","Surrey",10.26058,1212,438,414,"59933","59","5915004","5915",67083,410,10,10,35,25,60,40,35,30,30,25,120,720697,20,50,105,215,1210,80,105,305,415,670,1200,125,40,45,25,25,0
"214","9330183.01","CT","Surrey",2.71338,5948,2015,1939,"59933","59","5915004","5915",73995,1940,75,110,135,140,125,165,160,165,140,165,560,421574,100,260,395,935,5945,555,400,1540,1935,3270,5865,695,325,295,260,35,35
"215","9330183.03","CT","Surrey",2.90113,5755,2303,2218,"59933","59","5915004","5915",51684,2215,60,265,245,175,310,250,160,140,130,125,350,342543,110,185,630,790,5590,525,635,1590,2215,3005,5505,820,325,300,250,50,25
"216","9330183.04","CT","Surrey",7.22939,4132,1499,1415,"59933","59","5915004","5915",76093,1415,20,55,55,100,110,120,165,170,135,80,400,539521,40,270,165,730,4135,620,170,1245,1415,2395,4020,1700,815,765,685,80,55
"217","9330183.05","CT","Surrey",3.52827,7038,2361,2316,"59933","59","5915004","5915",80959,2315,35,50,65,180,185,180,230,185,210,180,820,423899,10,410,105,1335,7040,1095,105,2215,2315,3940,6910,1305,585,575,455,120,10
"218","9330183.06","CT","Surrey",1.29643,2237,962,922,"59933","59","5915004","5915",57506,925,15,40,95,85,130,135,95,65,80,45,130,286108,35,130,125,185,2235,205,125,795,925,1315,2215,360,100,95,70,25,10
"219","9330183.07","CT","Surrey",2.56325,6555,2193,2143,"59933","59","5915004","5915",81225,2140,40,135,80,170,130,135,110,210,210,135,770,473582,20,250,175,1050,6550,680,175,1965,2145,3605,6470,515,225,215,205,15,10
"220","9330184.01","CT","Surrey",7.94315,8072,2834,2692,"59933","59","5915004","5915",78165,2690,120,90,120,195,185,245,180,295,260,185,820,462844,65,455,315,2765,7840,1595,320,2375,2690,4755,7695,1530,670,575,535,40,100
"221","9330184.02","CT","Surrey",2.57424,6967,2897,2742,"59933","59","5915004","5915",49618,2745,135,295,280,330,330,395,290,200,120,135,230,179246,80,280,620,2350,6890,695,625,2120,2740,3845,6805,1280,420,370,315,50,50
"222","9330184.05","CT","Surrey",2.65327,7883,2421,2250,"59933","59","5915004","5915",67259,2250,55,105,160,175,130,290,225,165,140,130,665,440711,80,325,325,4520,7860,960,325,1925,2250,4425,7765,1375,285,160,100,55,125
"223","9330184.06","CT","Surrey",2.66529,3682,1046,997,"59933","59","5915004","5915",67072,1000,25,70,70,125,80,70,60,65,50,100,270,515368,30,180,180,2775,3700,430,175,820,995,1900,3650,1080,215,195,185,10,25
"224","9330184.07","CT","Surrey",1.3197,5044,1849,1773,"59933","59","5915004","5915",53913,1775,90,180,190,200,170,165,225,110,85,125,225,376776,100,200,560,2190,4915,565,560,1210,1775,2465,4900,720,210,150,85,60,60
"225","9330184.08","CT","Surrey",1.31048,3807,1223,1156,"59933","59","5915004","5915",64112,1155,45,60,50,85,130,130,185,130,45,85,200,348056,40,175,215,1795,3780,455,220,935,1155,2115,3750,710,160,110,105,0,55
"226","9330184.09","CT","Surrey",1.29655,4425,1378,1285,"59933","59","5915004","5915",75182,1285,50,60,75,110,90,90,110,105,80,80,435,385739,30,145,280,2500,4415,550,280,1000,1285,2390,4370,545,160,85,50,35,70
"227","9330184.10","CT","Surrey",1.3414,4678,1390,1254,"59933","59","5915004","5915",63905,1255,30,145,75,130,100,105,100,70,85,75,325,507215,30,250,390,3730,4680,590,385,865,1255,2460,4590,840,170,100,95,10,65
"228","9330184.11","CT","Surrey",2.57746,7217,2167,1954,"59933","59","5915004","5915",77378,1955,95,85,95,160,110,115,190,185,120,140,660,554003,70,400,360,4920,7215,1025,360,1590,1955,3975,7110,1730,525,430,400,30,95
"229","9330185.05","CT","Surrey",1.34059,5419,1803,1688,"59933","59","5915004","5915",48348,1690,75,155,135,220,305,140,130,130,110,105,180,314033,120,130,775,3135,5420,555,775,915,1690,2895,5345,1215,290,235,150,85,55
"230","9330185.06","CT","Surrey",2.67045,7694,2535,2425,"59933","59","5915004","5915",76767,2425,65,170,165,135,175,150,220,155,210,160,810,496847,70,350,385,4115,7690,1535,380,2040,2425,4310,7580,1155,660,545,500,45,110
"231","9330185.07","CT","Surrey",2.6229,6197,1860,1760,"59933","59","5915004","5915",68981,1760,50,30,105,195,170,185,140,175,130,150,420,492038,35,295,340,3625,6190,815,340,1420,1760,3370,6090,1280,470,405,350,55,60
"232","9330185.08","CT","Surrey",3.75816,1326,440,411,"59933","59","5915004","5915",95723,410,15,10,0,20,35,60,10,35,10,10,205,790780,0,70,40,530,1330,330,40,370,410,730,1330,210,65,60,45,15,10
"233","9330185.09","CT","Surrey",2.68793,4151,1563,1492,"59933","59","5915004","5915",50253,1490,60,175,120,170,215,165,130,130,75,55,195,295920,55,130,450,2450,4150,450,445,1045,1490,2340,4090,765,295,210,210,0,80
"234","9330185.10","CT","Surrey",1.29053,5679,1646,1516,"59933","59","5915004","5915",53516,1515,55,85,150,215,160,180,150,100,110,70,240,420084,110,220,585,4690,5665,810,585,930,1515,2950,5560,1280,480,255,180,70,225
"235","9330185.11","CT","Surrey",1.31858,7307,2307,2213,"59933","59","5915004","5915",50611,2210,65,210,230,275,290,290,180,150,105,135,275,349105,100,245,895,5500,7310,1050,890,1320,2210,3850,7180,1265,590,380,335,45,215
"236","9330185.12","CT","Surrey",1.3662,6289,1755,1637,"59933","59","5915004","5915",68618,1635,70,55,80,150,185,155,170,140,180,125,325,404142,55,280,330,4065,6205,785,335,1300,1635,3435,6110,1030,295,140,135,0,160
"237","9330185.13","CT","Surrey",1.33009,8471,2540,2391,"59933","59","5915004","5915",60124,2390,105,190,205,220,245,220,310,165,145,165,425,400729,155,325,845,6685,8470,1320,845,1545,2390,4680,8305,1935,645,475,440,40,170
"238","9330185.14","CT","Surrey",1.3382,7584,2260,2133,"59933","59","5915004","5915",51915,2135,95,265,205,255,215,190,265,150,95,75,325,418284,155,215,895,6575,7580,1015,895,1240,2135,3900,7470,1795,615,340,325,10,270
"239","9330185.15","CT","Surrey",2.66853,5707,1745,1613,"59933","59","5915004","5915",52407,1615,110,105,125,180,210,200,120,135,110,75,240,359839,105,190,555,4640,5710,680,560,1050,1610,3140,5600,920,200,110,100,10,85
"240","9330185.16","CT","Surrey",2.65032,4935,1334,1237,"59933","59","5915004","5915",53768,1240,100,70,100,95,160,160,120,90,60,50,225,392015,50,170,410,4020,4930,690,405,830,1235,2715,4890,980,220,105,40,65,115
"241","9330186.01","CT","Surrey",1.97991,6518,2230,2060,"59933","59","5915004","5915",61305,2060,85,130,215,195,190,190,175,190,180,65,435,388906,100,375,650,3625,6485,720,650,1410,2060,3680,6415,910,405,360,320,40,40
"242","9330186.02","CT","Surrey",1.89879,5132,1935,1793,"59933","59","5915004","5915",50498,1795,110,220,150,145,240,170,180,150,130,55,240,384305,105,175,735,1690,5105,520,740,1055,1795,2810,5025,815,305,215,190,25,85
"243","9330186.05","CT","Surrey",1.2515,6352,2095,1950,"59933","59","5915004","5915",55915,1950,115,185,170,220,170,255,190,155,125,90,265,362248,110,170,735,4205,6350,760,735,1210,1950,3420,6255,1330,530,280,245,35,250
"244","9330186.06","CT","Surrey",1.28227,3947,1101,1047,"59933","59","5915004","5915",55591,1050,25,115,140,90,80,130,115,50,70,45,190,545808,45,115,380,3245,3945,305,380,665,1045,2095,3885,720,210,115,100,15,95
"245","9330186.07","CT","Surrey",1.32933,5137,1430,1333,"59933","59","5915004","5915",61857,1335,75,85,75,155,135,95,145,130,95,75,265,431721,95,185,475,3905,5120,545,475,855,1335,2805,5065,780,400,235,215,20,165
"246","9330186.08","CT","Surrey",1.30827,5281,1850,1700,"59933","59","5915004","5915",54939,1700,100,130,190,155,160,205,175,135,135,50,260,373644,105,280,620,2800,5275,550,620,1080,1700,2935,5180,1065,270,140,125,15,130
"247","9330187.03","CT","Surrey",2.59724,6715,2210,2040,"59933","59","5915004","5915",62934,2040,105,160,135,175,150,235,215,100,215,180,370,420635,80,340,465,3655,6715,720,470,1575,2040,3835,6655,920,220,150,140,0,75
"248","9330187.04","CT","Surrey",1.20705,1792,485,432,"59933","59","5915004","5915",48893,430,25,50,20,85,35,55,20,40,15,25,55,399790,55,70,110,1045,1545,165,110,320,430,785,1525,390,55,10,10,0,45
"249","9330187.05","CT","Surrey",1.329,6732,1937,1773,"59933","59","5915004","5915",57898,1775,105,130,170,145,215,155,160,95,140,110,345,455008,60,235,630,5400,6725,980,630,1140,1775,3650,6625,935,300,170,130,40,130
"250","9330187.06","CT","Surrey",2.59387,5866,1931,1800,"59933","59","5915004","5915",63853,1800,65,65,160,220,205,130,115,150,105,105,470,489454,65,245,340,2915,5860,835,340,1460,1800,2990,5805,635,150,125,115,10,25
"251","9330187.07","CT","Surrey",0.65508,1784,509,498,"59933","59","5915004","5915",83012,500,0,15,25,25,40,35,20,70,25,15,220,539388,10,90,30,790,1780,400,30,465,500,955,1770,155,25,15,15,0,15
"252","9330187.09","CT","Surrey",2.29793,7631,2522,2361,"59933","59","5915004","5915",64291,2360,65,120,175,285,255,210,195,190,205,110,540,399044,115,345,420,4000,7625,960,425,1940,2360,4105,7550,875,265,165,145,20,100
"253","9330187.10","CT","Surrey",2.23028,8729,3070,2943,"59933","59","5915004","5915",59728,2940,155,120,350,320,230,305,330,200,205,195,535,337346,75,525,320,4350,8560,1330,320,2620,2940,4580,8460,1690,465,415,395,20,50
"254","9330187.11","CT","Surrey",1.3824,3442,1254,1212,"59933","59","5915004","5915",58182,1215,70,60,70,110,130,195,105,85,65,75,240,433666,55,215,155,1915,3440,660,150,1055,1210,2065,3400,785,250,235,190,45,15
"255","9330188.01","CT","Surrey",3.3221,2709,825,762,"59933","59","5915004","5915",63130,765,45,25,80,55,90,50,65,35,45,15,245,563740,25,190,65,1530,2710,565,65,695,760,1480,2675,435,155,80,40,45,75
"256","9330188.02","CT","Surrey",1.09796,2423,730,684,"59933","59","5915004","5915",69713,685,20,15,50,115,65,30,50,75,45,40,175,500470,25,165,120,1475,2415,480,120,560,685,1335,2395,590,355,285,275,10,70
"257","9330188.03","CT","Surrey",3.97152,7694,2226,2158,"59933","59","5915004","5915",82325,2155,90,130,105,190,135,105,130,155,140,145,825,554802,50,420,145,4035,7690,1745,145,2010,2160,4120,7640,1250,650,535,415,115,110
"258","9330188.04","CT","Surrey",3.82552,3343,1047,967,"59933","59","5915004","5915",76177,990,15,65,50,70,60,115,85,80,60,45,330,482871,20,155,140,1700,3365,445,145,845,990,1850,3340,445,170,120,120,0,45
"259","9330188.05","CT","Surrey",7.05442,2380,677,668,"59933","59","5915004","5915",83913,670,45,20,35,50,20,35,50,65,60,15,275,598229,0,120,60,1210,2375,575,60,605,665,1340,2360,325,115,80,60,10,40
"260","9330188.06","CT","Surrey",4.24861,1008,327,317,"59933","59","5915004","5915",83519,315,20,15,0,25,0,35,25,10,25,10,130,825199,10,50,20,220,1005,175,20,295,315,550,975,160,65,55,55,0,15
"261","9330189.03","CT","Surrey",1.60173,3145,1115,1058,"59933","59","5915004","5915",59609,1060,35,55,105,55,120,155,70,85,95,55,210,337260,40,100,250,755,3135,290,250,810,1055,1770,3110,420,200,190,135,50,15
"262","9330189.05","CT","Surrey",1.29664,7150,3440,3282,"59933","59","5915004","5915",40677,3285,185,445,495,495,395,245,235,215,135,125,310,239573,200,380,985,3315,7145,1385,985,2295,3280,4015,7115,1430,480,310,240,65,170
"263","9330189.06","CT","Surrey",2.4147,2776,1005,935,"59933","59","5915004","5915",49730,935,15,50,95,135,180,105,45,60,45,70,135,309594,40,90,210,1360,2780,275,215,725,935,1560,2735,395,115,45,35,10,70
"264","9330189.07","CT","Surrey",0.80672,2376,950,912,"59933","59","5915004","5915",50943,915,45,55,80,135,110,180,125,80,15,25,55,238643,50,130,215,1020,2380,310,215,700,910,1350,2370,420,225,220,200,20,10
"265","9330189.08","CT","Surrey",0.67899,6271,2816,2633,"59933","59","5915004","5915",33142,2630,215,395,545,360,390,280,195,65,45,30,105,162255,480,140,1815,2970,6275,1005,1820,815,2630,3620,6160,2060,850,500,385,110,345
"266","9330189.09","CT","Surrey",1.30166,3992,1278,1217,"59933","59","5915004","5915",59578,1195,70,80,105,125,110,110,85,55,60,80,310,419373,55,220,235,2200,3950,550,235,960,1190,2185,3920,365,120,35,25,10,85
"267","9330189.10","CT","Surrey",1.3304,5167,1897,1742,"59933","59","5915004","5915",54942,1740,65,160,165,190,180,210,200,100,95,90,280,291906,180,245,545,2985,5170,1095,545,1200,1740,2910,5125,910,380,290,290,0,90
"268","9330190.01","CT","Surrey",1.47662,5886,2659,2457,"59933","59","5915004","5915",42540,2450,180,255,315,350,345,270,220,180,85,110,135,235983,180,150,1145,2125,5680,730,1145,1305,2450,3190,5605,1155,540,380,305,75,160
"269","9330190.03","CT","Surrey",1.9301,4638,1778,1608,"59933","59","5915004","5915",43435,1610,105,205,170,200,225,200,140,75,90,55,135,282154,170,180,685,1995,4525,445,685,925,1610,2530,4460,880,330,200,160,45,130
"270","9330190.04","CT","Surrey",3.06923,5928,2217,2057,"59933","59","5915004","5915",55461,2055,95,125,230,180,300,155,245,155,125,120,315,371960,105,335,485,1945,5905,570,490,1565,2055,3335,5860,845,250,230,220,10,20
"271","9330190.05","CT","Surrey",0.6011,1618,610,558,"59933","59","5915004","5915",44209,560,55,80,60,50,65,45,70,50,20,0,35,376198,70,40,255,615,1610,100,255,305,560,855,1600,365,190,120,115,0,70
"272","9330191.02","CT","Surrey",2.62251,7846,3586,3221,"59933","59","5915004","5915",39392,3220,255,410,430,550,340,260,255,165,170,125,255,302800,315,270,1595,3700,7630,965,1595,1625,3220,4510,7525,1565,690,440,400,40,245
"273","9330191.03","CT","Surrey",1.30449,4904,1627,1484,"59933","59","5915004","5915",58221,1485,35,125,160,145,155,160,145,135,105,70,260,453469,60,230,495,2665,4880,540,495,985,1480,2645,4830,760,305,200,115,85,110
"274","9330191.04","CT","Surrey",1.31175,4577,2254,2092,"59933","59","5915004","5915",39815,2095,150,425,220,260,360,145,125,120,80,90,115,277488,105,150,1035,2345,4530,610,1035,1055,2090,2690,4465,700,310,275,240,35,30
"275","9330192.00","CT","Surrey",13.42764,3908,1651,1430,"59933","59","5915004","5915",52501,1430,100,135,140,160,155,140,165,150,90,35,150,401841,65,210,445,1795,3895,390,445,985,1430,2365,3805,610,280,210,185,20,65
"276","9330200.00","CT","New Westminster",4.01952,5502,1871,1765,"59933","59","5915029","5915",66914,1765,95,85,125,160,200,125,140,165,175,105,390,442519,50,375,450,3445,5480,990,450,1315,1765,3245,5375,1295,725,615,550,65,110
"277","9330201.00","CT","New Westminster",0.8048,1738,651,614,"59933","59","5915029","5915",65885,615,25,35,45,85,40,30,60,50,40,50,150,470269,20,75,195,775,1735,390,195,425,615,1005,1720,205,80,70,70,0,0
"278","9330202.00","CT","New Westminster",2.01541,6833,3839,3539,"59933","59","5915029","5915",53389,3535,205,395,315,395,350,405,350,265,205,170,485,275498,235,205,1180,1915,6830,1590,1185,2355,3535,4495,6780,1535,1035,945,785,155,85
"279","9330203.00","CT","New Westminster",1.11368,4398,1675,1564,"59933","59","5915029","5915",66629,1565,35,125,105,105,155,185,100,95,85,80,480,483623,30,180,410,1345,4395,880,410,1155,1565,2605,4370,605,415,385,370,15,30
"280","9330204.01","CT","New Westminster",0.39476,4326,2435,2312,"59933","59","5915029","5915",42221,2310,235,325,210,330,275,295,190,110,100,65,170,249681,145,75,1385,1325,4325,945,1385,925,2310,2925,4245,1000,620,555,480,75,70
"281","9330204.02","CT","New Westminster",0.7059,5236,2722,2580,"59933","59","5915029","5915",38930,2580,185,400,380,365,310,270,180,110,95,75,210,374989,270,110,1895,1685,5235,1055,1895,685,2580,3320,5160,1200,675,445,325,120,230
"282","9330205.01","CT","New Westminster",0.51389,3944,2360,2211,"59933","59","5915029","5915",35229,2210,195,410,365,300,225,195,125,140,85,35,145,351610,145,85,1475,1060,3900,790,1475,735,2210,2525,3850,800,520,335,280,60,180
"283","9330205.02","CT","New Westminster",0.60734,5039,2971,2844,"59933","59","5915029","5915",36795,2840,170,570,310,460,330,235,205,135,115,80,225,296457,140,120,1520,1350,5040,865,1520,1320,2845,2600,5005,850,390,275,260,15,110
"284","9330206.00","CT","New Westminster",0.44545,1893,1109,1035,"59933","59","5915029","5915",46490,1035,95,140,110,95,125,90,95,90,65,35,105,205439,65,30,570,490,1865,455,565,465,1035,1385,1835,525,305,290,275,20,10
"285","9330207.00","CT","New Westminster",0.49863,2394,1483,1366,"59933","59","5915029","5915",44907,1365,65,155,185,200,125,205,160,60,65,35,105,227370,75,95,785,380,2395,470,780,580,1365,1705,2380,600,410,400,350,50,10
"286","9330208.00","CT","New Westminster",1.67725,5853,2648,2541,"59933","59","5915029","5915",55552,2540,145,385,205,225,220,150,135,145,175,95,655,523872,95,195,1080,880,5765,1405,1080,1460,2545,3285,5725,855,490,415,385,35,70
"287","9330209.00","CT","New Westminster",2.59918,6718,2772,2673,"59933","59","5915029","5915",66826,2675,85,145,190,170,305,250,295,225,155,120,735,428036,120,190,625,1260,6350,1205,625,2050,2675,3705,6320,885,380,335,285,50,45
"288","9330210.00","CT","New Westminster",2.80604,4675,2134,2005,"59933","59","5915029","5915",50096,2005,95,195,200,215,275,195,160,125,65,90,380,418489,85,185,920,1185,4510,835,925,1080,2005,2815,4430,745,430,290,260,30,140
"289","9330220.00","CT","Burnaby",9.82305,1071,412,376,"59933","59","5915025","5915",59203,375,0,40,40,20,30,55,20,20,65,20,50,594744,25,50,165,495,1070,185,165,210,375,675,1065,120,70,55,45,10,20
"290","9330221.01","CT","Burnaby",1.21156,1650,608,577,"59933","59","5915025","5915",75993,580,20,25,35,50,35,30,55,50,45,35,185,577062,20,40,70,535,1650,385,70,505,580,935,1635,85,60,60,55,0,0
"291","9330221.03","CT","Burnaby",1.27648,3273,1177,1077,"59933","59","5915025","5915",77690,1075,35,40,75,90,45,80,120,65,65,75,375,631872,40,110,145,1465,3265,850,145,935,1075,1735,3240,395,185,85,70,15,105
"292","9330221.04","CT","Burnaby",1.3061,5065,1640,1529,"59933","59","5915025","5915",58330,1525,120,135,125,140,135,105,130,145,35,90,355,635174,95,145,555,3195,4810,1005,555,975,1530,2665,4790,840,475,190,175,15,280
"293","9330222.01","CT","Burnaby",1.53999,5682,2197,1919,"59933","59","5915025","5915",54977,1920,115,165,225,250,145,130,175,160,100,105,340,513129,125,210,615,3355,5660,1345,615,1305,1920,3185,5625,740,335,200,160,35,130
"294","9330222.02","CT","Burnaby",1.37337,4258,1936,1874,"59933","59","5915025","5915",57549,1875,155,160,100,185,200,185,215,100,105,75,385,354582,35,335,245,2360,4255,1415,250,1625,1875,2845,4205,990,395,290,260,30,105
"295","9330223.01","CT","Burnaby",1.44182,6048,2179,2042,"59933","59","5915025","5915",53525,2040,130,180,170,255,235,220,215,105,90,140,295,392648,120,280,790,3930,6045,1450,790,1250,2040,3505,5960,940,490,245,230,15,245
"296","9330223.02","CT","Burnaby",0.76151,4729,1622,1506,"59933","59","5915025","5915",42814,1505,105,255,155,195,140,125,75,80,95,60,220,452697,220,165,770,3095,4725,850,775,730,1505,2500,4630,1215,590,390,280,110,205
"297","9330224.01","CT","Burnaby",0.47105,5098,2726,2570,"59933","59","5915025","5915",33878,2570,370,470,360,250,265,225,185,110,125,60,145,329499,235,180,1485,2740,5090,1225,1480,1085,2570,3120,5025,1540,725,490,435,50,235
"298","9330224.02","CT","Burnaby",0.69395,4058,1657,1585,"59933","59","5915025","5915",28504,1595,160,400,265,215,95,85,30,80,40,30,185,540443,185,70,1105,2155,3795,640,1105,490,1595,1970,3765,805,440,280,205,75,160
"299","9330225.01","CT","Burnaby",1.47339,5567,1872,1756,"59933","59","5915025","5915",56603,1755,65,95,205,190,205,135,125,135,65,60,470,624746,85,255,440,3230,5555,1085,440,1315,1755,3140,5510,490,310,210,175,35,100
"300","9330225.02","CT","Burnaby",1.38275,4597,2123,2037,"59933","59","5915025","5915",46103,2035,160,265,200,280,225,270,125,100,110,85,215,320136,190,220,695,2990,4535,1545,695,1340,2035,2895,4490,1020,570,350,325,25,220
"301","9330226.02","CT","Burnaby",1.30774,3897,1649,1390,"59933","59","5915025","5915",58383,1390,75,115,150,90,135,160,90,155,65,60,295,567913,65,120,560,2415,3870,990,560,825,1390,2215,3855,595,335,245,205,40,85
"302","9330226.03","CT","Burnaby",0.72256,5837,2987,2797,"59933","59","5915025","5915",33128,2795,400,455,415,375,260,225,145,165,95,65,185,313390,345,320,1200,4275,5835,1885,1200,1595,2800,3365,5770,1375,770,500,420,75,265
"303","9330226.04","CT","Burnaby",0.2811,2495,1242,1204,"59933","59","5915025","5915",34465,1205,145,195,160,190,230,80,70,35,45,10,35,288890,150,50,895,1475,2495,780,895,305,1200,1545,2460,520,295,135,90,40,160
"304","9330227.01","CT","Burnaby",0.27141,4076,1933,1821,"59933","59","5915025","5915",28241,1820,320,320,330,225,190,175,110,75,40,15,10,187740,420,20,1660,3020,4075,1635,1655,160,1820,2600,4030,1435,920,325,230,90,595
"305","9330227.02","CT","Burnaby",1.1301,5034,2840,2718,"59933","59","5915025","5915",37927,2715,230,470,380,345,270,270,160,175,140,120,155,261384,225,85,1475,2580,5030,1770,1480,1240,2715,3080,5015,1145,650,445,295,150,200
"306","9330228.02","CT","Burnaby",0.99108,3556,1303,1207,"59933","59","5915025","5915",63228,1205,30,100,90,80,120,145,105,145,70,45,275,604868,80,120,405,2110,3560,825,400,805,1210,2000,3505,260,100,75,70,10,20
"307","9330228.03","CT","Burnaby",0.33841,4693,2336,2194,"59933","59","5915025","5915",34242,2190,370,260,325,290,240,160,165,105,65,35,180,330634,265,125,1490,3055,4695,1550,1490,700,2195,2795,4650,1505,895,400,355,50,495
"308","9330228.04","CT","Burnaby",0.70761,4987,2466,2314,"59933","59","5915025","5915",40166,2310,160,355,305,325,190,185,170,150,115,105,260,353965,150,190,910,2700,4845,1280,915,1400,2315,2870,4815,940,475,265,185,85,210
"309","9330229.00","CT","Burnaby",3.09107,6678,2665,2524,"59933","59","5915025","5915",54772,2525,125,285,215,265,230,240,160,170,145,120,560,485599,85,225,915,3845,6385,1315,910,1610,2520,3560,6305,990,610,490,430,60,115
"310","9330230.01","CT","Burnaby",4.45366,5404,1979,1902,"59933","59","5915025","5915",78203,1900,65,85,155,140,140,105,130,200,120,140,625,520894,30,265,235,2655,5400,1535,235,1665,1900,3045,5365,425,205,130,125,10,70
"311","9330230.02","CT","Burnaby",3.95409,4515,1835,1741,"59933","59","5915025","5915",45010,1745,130,315,190,170,130,125,145,140,110,70,210,480977,110,170,910,2770,4435,845,905,835,1740,2515,4400,925,530,400,325,75,130
"312","9330231.00","CT","Burnaby",2.0923,3937,1324,1265,"59933","59","5915025","5915",64660,1265,35,100,90,180,120,50,100,50,50,45,440,710531,35,205,210,2340,3935,1030,210,1055,1265,2135,3915,350,190,140,90,55,50
"313","9330232.00","CT","Burnaby",3.07835,3142,1028,976,"59933","59","5915025","5915",77665,975,55,25,65,55,55,90,75,70,90,55,330,630729,15,135,180,1655,3125,745,175,800,975,1745,3080,470,250,185,150,35,65
"314","9330233.00","CT","Burnaby",1.52029,6785,2227,2084,"59933","59","5915025","5915",60242,2085,115,165,135,215,205,205,230,150,125,120,420,516693,105,275,700,4260,6655,1165,695,1385,2085,3720,6610,835,415,275,255,20,140
"315","9330234.00","CT","Burnaby",4.59461,6621,2142,2067,"59933","59","5915025","5915",72681,2070,90,150,190,145,100,210,120,145,105,120,665,517967,90,315,350,3485,6370,1570,355,1715,2065,3540,6310,800,385,285,265,15,95
"316","9330235.02","CT","Burnaby",1.4445,4675,1789,1707,"59933","59","5915025","5915",60677,1710,85,80,105,180,205,180,210,110,135,65,340,356033,65,275,305,2255,4675,1295,305,1405,1705,2720,4650,980,705,545,495,50,165
"317","9330235.03","CT","Burnaby",0.41052,2849,1800,1712,"59933","59","5915025","5915",37161,1715,125,340,260,200,215,130,155,80,80,30,90,187102,150,60,1120,970,2850,585,1120,595,1710,1755,2835,515,315,270,215,50,45
"318","9330235.04","CT","Burnaby",1.03842,5399,2663,2566,"59933","59","5915025","5915",41209,2565,240,295,355,350,270,245,205,165,165,115,155,241323,235,215,1150,2285,5395,1250,1150,1415,2565,3310,5320,1105,610,440,380,55,170
"319","9330236.00","CT","Burnaby",4.13651,3718,1177,1126,"59933","59","5915025","5915",92951,1115,15,45,40,55,110,90,60,55,70,50,520,731579,10,180,90,2110,3760,880,95,1030,1120,2000,3745,270,160,140,135,0,20
"320","9330237.00","CT","Burnaby",2.58555,7492,3006,2826,"59933","59","5915025","5915",49567,2825,225,320,345,325,215,285,230,170,125,110,480,467528,250,315,1020,4330,7490,1720,1020,1805,2825,4190,7415,1350,720,330,240,90,385
"321","9330238.01","CT","Burnaby",1.24658,2827,978,913,"59933","59","5915025","5915",62168,920,55,60,90,60,115,65,45,95,25,50,250,530760,20,120,170,1820,2780,540,175,750,920,1515,2750,445,170,125,120,0,45
"322","9330238.02","CT","Burnaby",2.34424,6958,2423,2323,"59933","59","5915025","5915",54196,2325,65,170,290,265,230,265,180,145,90,135,480,610981,155,280,790,3645,6855,1530,785,1535,2325,3695,6825,1080,545,400,345,60,145
"323","9330239.00","CT","Burnaby",2.36499,7553,3071,2929,"59933","59","5915025","5915",54127,2925,155,260,270,280,325,325,220,185,220,125,560,516161,125,280,955,3910,7540,1330,955,1975,2930,4280,7490,1050,570,465,325,145,100
"324","9330240.01","CT","Burnaby",2.19574,5761,2810,2602,"59933","59","5915025","5915",51042,2600,185,235,225,355,285,250,205,150,100,160,460,426667,110,395,660,2970,5745,1480,660,1940,2600,3475,5685,1625,765,680,635,45,80
"325","9330240.02","CT","Burnaby",0.89645,5266,2162,2018,"59933","59","5915025","5915",50448,2015,85,245,215,195,245,190,160,105,130,60,380,511629,80,220,595,3080,5265,825,595,1425,2015,3030,5235,710,350,290,255,35,65
"326","9330241.00","CT","Burnaby",1.88959,7449,3110,2994,"59933","59","5915025","5915",54856,2990,160,320,285,345,275,260,255,135,110,110,740,529700,130,265,1155,2575,7225,1475,1155,1840,2995,4225,7130,1010,580,530,380,145,50
"327","9330242.00","CT","Burnaby",4.45482,6808,2883,2699,"59933","59","5915025","5915",56072,2700,180,235,240,295,255,215,170,175,95,140,680,631551,125,250,940,2570,6800,1455,940,1755,2700,3995,6730,770,380,310,260,45,75
"328","9330243.01","CT","Burnaby",1.7089,6001,2241,2106,"59933","59","5915025","5915",55262,2100,145,140,225,240,190,195,135,125,180,105,410,615244,170,255,815,3055,5985,1220,815,1290,2100,3310,5935,740,400,270,170,105,130
"329","9330243.02","CT","Burnaby",13.53214,7290,2732,2454,"59933","59","5915025","5915",60439,2450,195,240,135,225,220,200,185,165,160,120,600,492313,235,255,1100,3515,7290,2225,1100,1350,2455,4220,7240,1470,800,600,525,75,200
"330","9330250.01","CT","Bowen Island",50.31275,3362,1640,1339,"59933","59","5915062","5915",72990,1340,25,45,200,100,90,40,115,120,155,85,360,666351,85,220,255,185,3360,905,255,1085,1340,1975,3350,330,170,145,115,30,25
"331","9330250.02","CT","Greater Vancouver A",882.03092,3912,1710,1357,"59933","59","5915020","5915",104316,1355,35,45,60,40,80,50,80,110,65,45,730,913372,15,155,110,345,3905,975,110,1245,1355,2270,3835,420,360,350,325,25,15
"332","9330251.00","CT","Greater Vancouver A",8.39124,145,66,61,"59933","59","5915020","5915",0,0,0,0,0,0,0,0,0,0,0,0,0,0,0,0,25,10,140,0,30,30,60,80,135,10,0,10,0,0,0
"333","9330260.02","CT","Port Moody",14.9486,5114,2402,2223,"59933","59","5915043","5915",59977,2220,135,155,145,230,260,175,170,210,160,120,455,370479,95,280,730,1320,5120,1220,730,1490,2225,3260,5025,1345,1030,925,875,50,110
"334","9330260.04","CT","Port Moody",1.14542,3816,1380,1269,"59933","59","5915043","5915",67703,1270,50,50,65,50,145,130,145,80,130,75,335,429376,100,155,375,1180,3815,680,370,895,1270,2160,3775,715,510,460,385,75,50
"335","9330260.05","CT","Port Moody",3.07266,4062,1539,1494,"59933","59","5915043","5915",65372,1495,20,75,85,135,165,130,170,100,135,65,400,400432,30,140,340,815,4060,885,335,1155,1495,2270,4020,410,315,305,305,0,10
"336","9330260.06","CT","Port Moody",2.40803,3977,1445,1384,"59933","59","5915043","5915",99324,1385,40,55,30,85,70,95,80,130,70,45,690,621441,25,205,105,810,3975,1150,105,1280,1385,2330,3955,360,250,215,195,25,40
"337","9330260.07","CT","Port Moody",1.08133,4373,1853,1753,"59933","59","5915043","5915",71578,1750,70,115,85,155,110,140,175,180,235,95,390,348300,100,140,460,735,4300,985,460,1295,1755,2590,4275,585,420,385,350,35,30
"338","9330260.08","CT","Port Moody",3.48769,6170,2061,2004,"59933","59","5915043","5915",91462,2005,65,70,80,120,140,95,135,110,155,140,885,587834,0,445,105,2075,6165,1855,105,1895,2005,3690,6065,1270,845,700,605,100,140
"339","9330270.00","CT","Coquitlam",5.85213,5,3,2,"59933","59","5915034","5915",NA,NA,NA,NA,NA,NA,NA,NA,NA,NA,NA,NA,NA,NA,NA,NA,NA,NA,NA,NA,NA,NA,NA,NA,NA,NA,NA,NA,NA,NA,NA
"340","9330280.00","CT","Coquitlam",4.86088,3773,1143,1075,"59933","59","5915034","5915",88416,1075,35,20,80,80,60,60,45,100,80,60,450,509276,15,155,85,1520,3390,805,80,995,1075,1930,3360,465,260,225,215,10,35
"341","9330281.01","CT","Coquitlam",2.11361,5847,2031,1944,"59933","59","5915034","5915",81548,1945,75,75,80,140,120,225,155,85,130,170,680,509413,25,325,240,1980,5845,1135,240,1705,1945,3415,5805,560,395,365,360,10,25
"342","9330281.02","CT","Coquitlam",2.59747,6147,2479,2342,"59933","59","5915034","5915",59171,2340,85,145,145,270,305,235,160,195,135,80,575,426407,80,275,500,1620,6130,1055,505,1840,2345,3505,6090,570,290,245,235,10,40
"343","9330282.00","CT","Coquitlam",2.76495,7858,3218,3055,"59933","59","5915034","5915",52820,3055,140,230,310,390,355,350,235,215,140,230,450,337081,150,305,1045,2460,7720,1345,1045,2015,3060,4520,7605,1375,795,715,575,145,75
"344","9330283.00","CT","Coquitlam",2.20309,6156,2838,2624,"59933","59","5915034","5915",46384,2625,230,360,260,305,240,180,190,215,130,85,430,460788,175,200,1295,2115,6015,1220,1295,1325,2625,3445,5945,1040,610,425,375,50,185
"345","9330284.01","CT","Coquitlam",2.13166,6712,2807,2652,"59933","59","5915034","5915",46395,2655,240,265,390,225,285,195,230,190,140,85,400,411841,305,215,1205,2955,6700,1380,1210,1440,2650,3675,6650,1270,805,580,520,55,225
"346","9330284.02","CT","Coquitlam",2.09871,6348,2567,2420,"59933","59","5915034","5915",55740,2420,90,250,235,230,250,240,195,175,125,90,545,439898,185,270,785,2060,6320,1195,785,1635,2420,3705,6255,820,550,450,395,55,105
"347","9330285.01","CT","Coquitlam",0.64368,3185,1785,1690,"59933","59","5915034","5915",33714,1690,155,350,250,235,180,135,170,40,35,35,100,264951,210,70,1190,955,3175,515,1190,500,1690,1960,3170,730,430,300,285,15,130
"348","9330285.02","CT","Coquitlam",2.25795,5321,1781,1735,"59933","59","5915034","5915",77783,1735,40,90,100,95,145,145,135,140,95,120,625,556905,45,190,285,1540,5235,985,285,1450,1735,2790,5205,395,225,190,175,15,30
"349","9330286.01","CT","Coquitlam",4.07172,5453,1901,1838,"59933","59","5915034","5915",74893,1835,60,95,175,125,160,130,110,120,165,135,545,500899,60,215,265,1555,5435,955,265,1570,1840,2965,5410,605,335,230,215,10,100
"350","9330286.02","CT","Coquitlam",2.79302,7097,2396,2296,"59933","59","5915034","5915",73297,2295,100,110,105,170,175,260,145,190,120,125,790,441181,90,320,310,1690,7080,1365,310,1985,2295,4040,6995,780,475,395,305,85,80
"351","9330286.03","CT","Coquitlam",2.96056,3979,1415,1362,"59933","59","5915034","5915",84563,1360,25,35,65,70,115,75,100,125,125,70,560,523522,35,140,135,385,3970,780,135,1225,1360,2190,3935,285,150,130,115,15,15
"352","9330287.01","CT","Coquitlam",1.94721,7222,2403,2334,"59933","59","5915034","5915",64121,2335,100,105,235,220,240,195,195,245,170,145,470,375715,145,420,530,2805,7215,1265,530,1800,2335,3985,7155,1110,590,495,370,115,95
"353","9330287.02","CT","Coquitlam",61.3147,3842,1290,1239,"59933","59","5915034","5915",83761,1235,30,55,30,85,140,65,105,70,85,130,435,543609,20,175,145,680,3835,540,145,1095,1235,2125,3805,315,215,195,195,0,25
"354","9330287.06","CT","Coquitlam",1.20719,4392,1686,1624,"59933","59","5915034","5915",41676,1625,55,250,220,225,170,85,120,90,45,30,315,512583,80,195,690,2085,4235,825,690,930,1625,2140,4195,530,325,210,170,45,110
"355","9330287.08","CT","Coquitlam",2.29583,7184,3384,3244,"59933","59","5915034","5915",50839,3245,190,305,380,400,325,395,245,250,210,120,430,288185,115,535,455,3480,7185,1725,460,2785,3245,4060,7130,1320,825,615,590,20,210
"356","9330287.09","CT","Coquitlam",0.59737,1807,1009,963,"59933","59","5915034","5915",38468,960,80,160,115,140,140,115,45,80,45,10,30,209928,105,85,345,730,1805,350,345,620,960,1065,1770,390,275,205,185,20,70
"357","9330287.10","CT","Coquitlam",1.22548,2827,831,809,"59933","59","5915034","5915",87123,805,30,60,40,75,45,55,30,55,20,30,365,632302,10,190,50,1705,2825,790,50,760,805,1605,2815,410,200,145,115,30,50
"358","9330287.11","CT","Coquitlam",1.92973,5229,1769,1726,"59933","59","5915034","5915",71502,1725,80,70,110,140,100,150,180,120,105,120,545,464082,60,290,250,1725,5230,1005,255,1470,1725,2980,5180,515,315,230,210,20,85
"359","9330287.12","CT","Coquitlam",1.2191,3854,1282,1217,"59933","59","5915034","5915",62794,1215,90,70,175,90,100,65,80,70,60,65,335,582267,20,340,80,2635,3855,1235,80,1140,1215,2215,3815,800,375,200,190,10,175
"360","9330287.13","CT","Coquitlam",2.22324,6283,1932,1824,"59933","59","5915034","5915",48125,1825,140,170,220,245,135,125,135,115,40,90,395,592545,140,515,310,4750,6285,1710,310,1515,1825,3460,6250,1155,635,335,310,25,295
"361","9330287.14","CT","Coquitlam",18.49141,4068,1306,1238,"59933","59","5915034","5915",68896,1240,110,85,60,90,85,70,120,100,40,45,430,642879,35,325,125,2440,4065,1185,125,1115,1240,2330,4025,565,340,225,160,70,120
"362","9330290.02","CT","Port Coquitlam",5.30737,6107,3024,2837,"59933","59","5915039","5915",43308,2830,175,385,280,415,375,270,290,180,145,60,250,219555,165,310,815,1290,5760,815,815,2015,2830,3490,5670,1400,835,775,675,95,60
"363","9330290.03","CT","Coquitlam 2",3.29672,6200,2223,2075,"59933","59","5915804","5915",68894,2075,90,40,125,230,145,170,295,140,165,145,535,390408,75,320,385,1310,6155,905,385,1690,2075,3440,6105,660,380,330,325,10,55
"364","9330290.04","CT","Port Coquitlam",7.76897,7222,2503,2415,"59933","59","5915039","5915",91261,2415,50,35,130,135,155,155,155,165,195,150,1080,477932,40,305,140,2280,7220,1430,140,2280,2415,4205,7180,590,355,275,270,10,75
"365","9330290.05","CT","Port Coquitlam",1.8045,3464,1186,1122,"59933","59","5915039","5915",83412,1125,40,65,55,85,80,65,55,85,95,150,340,418228,35,145,235,755,3460,480,235,890,1120,2030,3420,265,160,140,130,10,20
"366","9330291.01","CT","Port Coquitlam",2.32139,6731,2773,2636,"59933","59","5915039","5915",53146,2635,190,280,225,310,220,275,190,250,145,165,380,338177,120,280,915,1735,6705,950,915,1725,2635,3900,6655,930,580,510,490,20,70
"367","9330291.02","CT","Port Coquitlam",3.11084,7484,2824,2635,"59933","59","5915039","5915",64294,2635,135,140,180,300,200,265,225,195,225,240,535,366272,125,250,600,1815,7455,765,600,2035,2635,4315,7400,1005,440,360,320,40,80
"368","9330292.01","CT","Port Coquitlam",2.08358,5511,1838,1780,"59933","59","5915039","5915",81876,1780,55,65,60,95,120,125,135,185,205,165,555,408575,40,180,235,805,5510,770,235,1540,1780,3140,5480,275,120,120,85,30,10
"369","9330292.03","CT","Port Coquitlam",3.37023,6240,2027,1968,"59933","59","5915039","5915",65074,1965,150,125,140,175,190,110,200,110,200,95,480,420213,130,390,330,2480,6230,1065,335,1640,1970,3460,6135,905,505,450,390,55,50
"370","9330292.04","CT","Port Coquitlam",6.04478,3733,1296,1246,"59933","59","5915039","5915",70608,1245,15,45,70,120,100,115,140,90,85,130,320,451726,25,235,145,950,3735,505,145,1095,1245,2160,3705,485,275,200,155,45,75
"371","9330400.02","CT","Maple Ridge",41.11068,3496,1384,1280,"59933","59","5915075","5915",63445,1280,35,50,90,145,145,110,125,135,45,100,300,580913,50,150,240,190,3485,410,240,1040,1280,2065,3455,400,85,80,65,15,10
"372","9330400.03","CT","Maple Ridge",7.65921,8932,2893,2823,"59933","59","5915075","5915",78432,2825,70,110,135,230,205,235,185,320,255,205,875,390838,35,555,210,1235,8930,1150,210,2615,2820,4880,8810,1675,825,685,575,110,135
"373","9330400.04","CT","Maple Ridge",12.71177,5054,1679,1602,"59933","59","5915075","5915",74787,1605,55,85,80,110,125,130,155,180,85,105,490,460972,50,350,210,590,5040,735,210,1390,1600,2795,4945,715,330,325,280,50,0
"374","9330401.01","CT","Maple Ridge",1.44877,2481,1161,1090,"59933","59","5915075","5915",50407,1090,60,140,140,130,65,75,105,110,30,35,200,330620,70,70,480,220,2475,205,480,610,1090,1480,2440,480,190,150,140,10,40
"375","9330401.02","CT","Maple Ridge",3.59647,7172,3527,3346,"59933","59","5915075","5915",41224,3350,140,590,415,500,305,285,285,225,165,155,275,260216,170,260,1170,795,6950,685,1170,2180,3350,3790,6905,1250,630,575,495,85,55
"376","9330402.01","CT","Maple Ridge",3.06122,7930,3279,3118,"59933","59","5915075","5915",52245,3120,145,315,390,350,315,205,225,245,205,155,565,340279,155,300,895,865,7865,690,895,2220,3120,4065,7795,1000,560,495,470,25,65
"377","9330402.02","CT","Maple Ridge",3.02506,5006,1817,1734,"59933","59","5915075","5915",63005,1730,40,105,210,165,185,115,145,155,105,90,405,357705,80,210,265,410,4950,450,265,1465,1730,2630,4910,630,260,195,175,20,65
"378","9330403.01","CT","Maple Ridge",2.93319,5398,2064,1948,"59933","59","5915075","5915",63604,1945,100,85,135,155,185,210,240,220,120,135,365,341099,95,230,380,460,5235,365,380,1565,1945,2955,5165,505,150,140,130,10,10
"379","9330403.03","CT","Maple Ridge",4.35702,5555,2094,1971,"59933","59","5915075","5915",57850,1970,75,130,160,195,295,150,200,160,125,145,340,335496,20,305,250,735,5555,435,260,1685,1970,3060,5470,620,415,345,340,10,70
"380","9330403.04","CT","Maple Ridge",5.03292,4565,1627,1586,"59933","59","5915075","5915",72106,1580,50,85,135,110,130,105,150,160,95,150,405,378534,40,195,220,460,4580,505,220,1360,1580,2560,4550,250,165,150,130,15,15
"381","9330403.05","CT","Maple Ridge",1.82085,4240,1552,1471,"59933","59","5915075","5915",76396,1470,60,70,25,135,110,85,155,140,95,115,475,412836,25,205,155,665,4220,395,155,1315,1470,2360,4180,455,245,215,210,0,35
"382","9330404.01","CT","Maple Ridge",35.53628,6345,2102,2028,"59933","59","5915075","5915",75160,2025,45,60,100,175,145,190,180,225,150,140,615,550358,30,380,215,460,6120,555,210,1815,2025,3415,6045,815,395,385,365,20,10
"383","9330404.02","CT","Maple Ridge",164.01984,3021,1381,1008,"59933","59","5915075","5915",72502,1010,50,80,70,45,75,70,105,65,55,50,360,590505,20,245,110,255,3000,470,115,900,1010,1700,2985,480,200,185,175,10,10
"384","9330410.02","CT","Pitt Meadows",26.12362,6278,2624,2472,"59933","59","5915070","5915",57442,2470,105,220,220,180,300,255,185,175,170,155,505,338001,80,225,565,1040,6270,735,565,1910,2470,3510,6185,1060,715,675,620,60,30
"385","9330410.03","CT","Pitt Meadows",4.4386,8307,3156,2995,"59933","59","5915070","5915",70812,2995,55,160,220,280,275,240,245,205,265,195,860,389389,80,385,435,1170,8300,1055,435,2560,2995,4775,8240,1570,1080,955,915,40,120
"386","9330410.04","CT","Pitt Meadows",64.85943,1038,369,354,"59933","59","5915070","5915",66452,355,0,25,25,20,20,25,65,20,15,20,110,655105,0,20,75,150,1045,90,80,270,355,560,1025,105,90,80,85,0,0
"387","9330500.00","CT","Langley",72.82644,6238,2641,2456,"59933","59","5915001","5915",58959,2455,100,275,230,245,175,210,195,130,205,85,595,636330,60,255,395,535,6240,550,420,2025,2455,3385,6215,630,335,330,295,40,0
"388","9330501.01","CT","Langley",19.58351,3082,1200,1083,"59933","59","5915001","5915",58099,1085,35,110,125,115,85,105,70,50,90,40,250,512026,20,105,200,365,2855,315,200,880,1085,1355,2805,355,270,240,205,35,35
"389","9330501.02","CT","Langley",18.93874,5338,1933,1851,"59933","59","5915001","5915",80202,1850,55,70,150,100,140,115,165,120,125,100,705,629447,10,190,170,85,5300,585,170,1680,1855,3020,5275,445,220,200,200,0,20
"390","9330501.03","CT","Langley",23.23239,3143,1140,1035,"59933","59","5915001","5915",74185,1035,25,45,90,55,100,55,80,125,70,50,340,551623,25,125,165,240,3145,310,165,870,1035,1760,3115,315,115,105,95,10,15
"391","9330502.01","CT","Langley",1.46778,2480,881,861,"59933","59","5915001","5915",79034,865,0,100,45,25,70,65,90,50,70,85,265,393474,20,100,55,60,2475,250,55,810,865,1430,2455,280,140,140,140,0,0
"392","9330502.02","CT","Langley",9.76621,3813,1636,1549,"59933","59","5915001","5915",58251,1540,40,150,180,175,130,125,75,100,90,75,405,471867,80,115,235,45,3800,410,230,1310,1545,2025,3785,405,275,270,215,55,0
"393","9330502.03","CT","Langley",2.61627,5048,1708,1651,"59933","59","5915001","5915",80365,1650,35,75,80,130,160,105,100,135,115,120,595,419064,75,240,240,200,5030,510,240,1410,1655,2860,4980,405,320,290,240,45,30
"394","9330502.05","CT","Langley",33.54822,2501,1000,917,"59933","59","5915001","5915",64366,910,45,55,50,105,70,90,85,35,65,40,275,900875,25,90,225,255,2505,255,230,680,910,1465,2485,345,180,180,175,10,0
"395","9330502.06","CT","Langley",3.32207,2866,944,906,"59933","59","5915001","5915",86509,910,10,40,35,50,40,80,65,75,80,40,390,538598,0,90,75,250,2855,485,75,835,910,1555,2805,420,205,185,170,10,25
"396","9330502.07","CT","Langley",3.14076,5328,2084,2032,"59933","59","5915001","5915",68744,2030,45,155,170,180,185,130,195,160,150,80,590,394996,70,220,250,390,5270,905,255,1780,2030,2815,5230,545,250,195,150,45,55
"397","9330503.01","CT","Langley",1.08461,2473,854,824,"59933","59","5915002","5915",84567,825,0,10,40,60,80,60,55,65,60,75,315,400781,30,95,75,100,2460,290,75,750,820,1405,2420,145,80,85,75,10,0
"398","9330503.03","CT","Langley",3.63717,6962,2541,2415,"59933","59","5915002","5915",75075,2415,15,115,190,175,185,175,190,245,300,185,635,387993,80,305,360,400,6950,785,360,2050,2415,3855,6885,835,465,380,335,50,80
"399","9330503.06","CT","Langley",0.58889,4086,2173,2070,"59933","59","5915002","5915",43699,2070,75,290,295,275,275,235,145,140,130,55,140,205227,150,130,815,745,4075,480,815,1255,2070,2300,4000,1175,735,695,645,55,35
"400","9330503.07","CT","Langley",0.83549,4428,2662,2508,"59933","59","5915002","5915",25970,2510,335,645,445,335,235,175,110,90,65,35,35,185047,210,75,1730,750,4285,405,1725,780,2510,2070,4250,1100,695,565,400,165,125
"401","9330503.08","CT","Langley",2.52184,2978,1528,1451,"59933","59","5915002","5915",44350,1450,75,185,225,140,195,155,135,120,35,55,120,272859,105,80,645,315,2990,275,645,810,1450,1640,2985,600,370,360,335,30,10
"402","9330503.09","CT","Langley",1.58674,2679,1352,1303,"59933","59","5915002","5915",42250,1300,80,115,190,225,145,135,120,110,65,35,90,220042,75,80,530,255,2580,285,525,780,1300,1325,2560,540,280,260,185,75,20
"403","9330504.01","CT","Langley",21.60486,13367,5179,4816,"59933","59","5915001","5915",68242,4830,215,295,255,425,510,375,390,495,300,320,1255,458511,115,835,640,2515,13290,2155,635,4195,4835,7680,13020,3980,2365,2050,1840,210,310
"404","9330504.03","CT","Langley",15.09676,6482,2201,2131,"59933","59","5915001","5915",79551,2130,100,80,115,90,150,170,195,170,130,190,730,457335,50,355,265,585,6485,975,270,1860,2130,3570,6405,705,330,270,220,45,65
"405","9330504.04","CT","Langley",2.11395,7506,2849,2811,"59933","59","5915001","5915",68496,2810,100,125,205,310,235,170,290,275,160,185,750,363504,15,385,105,905,7505,1130,110,2705,2810,3810,7480,875,630,485,375,115,145
"406","9330504.05","CT","Langley",3.87278,6619,2399,2315,"59933","59","5915001","5915",77263,2315,40,145,180,195,195,135,145,160,120,190,800,445155,40,250,280,880,6525,980,280,2030,2315,3325,6465,895,385,350,330,20,35
"407","9330504.06","CT","Langley",5.08106,1603,657,642,"59933","59","5915001","5915",72470,640,10,15,15,80,60,55,60,45,55,40,185,390480,15,50,60,75,1600,260,60,580,640,830,1585,240,95,90,75,15,0
"408","9330505.00","CT","Langley",70.96891,7643,2733,2602,"59933","59","5915001","5915",76179,2605,150,105,165,160,200,200,180,200,165,195,875,615053,90,375,480,715,7575,1340,480,2120,2600,4230,7455,1180,515,435,400,35,80
"409","9330506.01","CT","Langley",3.05468,3906,1470,1373,"59933","59","5915001","5915",56495,1375,55,70,150,130,160,145,125,130,100,110,175,294566,55,255,215,395,3900,260,215,1155,1375,2095,3840,540,250,240,235,0,10
"410","9330506.02","CT","Langley",6.26076,7289,2734,2568,"59933","59","5915001","5915",55333,2570,140,280,175,310,245,250,190,145,225,165,435,367137,70,320,580,810,7200,510,580,1990,2570,3870,7075,990,585,570,560,10,15
