,,CT Name,CT Code,Population 1996 (100% data),Median household income $,Total population 15 years and over by highest level of schooling (20% sample data),Total by mobility status 1 year ago (20% sample data),Movers,Migrants,Internal migrants,Intraprovincial migrants,Interprovincial migrants,External migrants,Household income of all private households (20% sample data),Under $10000,$  10000 - $19999,$  20000 - $29999,$  30000 - $39999,$  40000 - $49999,$  50000 - $59999,$  60000 - $69999,$  70000 - $79999,$  80000 - $89999,$  90000 - $99999,$100000 and over,Total number of occupied private dwellings (20% sample data),Average value of dwelling $,Owned,Rented,Average gross rent $,University,Without secondary school graduation certificate,With secondary school graduation certificate,Total by mobility status 5 years ago (20% sample data),Movers,Migrants,Internal migrants,Intraprovincial migrants,Interprovincial migrants,External migrants,All persons with employment income by work activity (20% sample data),Band housing,Period of construction before 1946,Period of construction 1946-1960,25-29,30-34,35-39,40-44,45-49,50-54,55-59,60-64,25-29,30-34,35-39,40-44,45-49,50-54,55-59,60-64,Total number of occupied private dwellings by structural type of dwelling (20% sample data),Total - Total population by visible minority population,Total visible minority population
CMA/CA,CTUID,V1,V2,V9,V1628,V1348,V1386,V1388,V1390,V1391,V1392,V1393,V1394,V1615,V1616,V1617,V1618,V1619,V1620,V1621,V1622,V1623,V1624,V1625,V1626,V1679,V1682,V1683,V1684,V1702,V1357,V1351,V1352,V1395,V1397,V1399,V1400,V1401,V1402,V1403,V1404,V1685,V1689,V1690,V24,V25,V26,V27,V28,V29,V30,V31,V48,V49,V50,V51,V52,V53,V54,V55,V114,V790,V791
933,9330000,0,0,1831665,43964,1476980,1791515,354450,161090,117725,86890,30830,43365,692960,55915,96210,81780,81355,73435,65730,55325,45055,34795,25575,77785,692960,318127,411400,281315,754,450085,303365,188725,1701900,958015,525670,344570,231055,113515,181100,1003260,245,76080,95800,75725,83265,81650,75345,70875,51920,40415,35435,76465,83610,83855,78400,71725,51005,40615,35500,692960,1813935,564595
933,9330003,3,2230,7570,40896,5820,7315,1255,395,150,85,65,245,2015,205,285,245,265,290,195,170,70,125,40,130,2015,335564,1120,895,693,1120,1640,750,6780,3800,1750,590,340,250,1160,3720,0,200,615,340,390,315,235,220,145,170,145,340,355,285,235,220,175,180,150,2020,7425,6025
933,9330004,4,2231,8774,40421,6960,8450,1455,585,275,190,85,305,2635,245,345,385,305,280,280,195,135,155,85,215,2630,368285,1570,1065,740,1810,1500,920,7960,4185,2160,695,365,330,1465,4315,0,315,885,410,415,350,290,280,210,195,180,385,355,355,290,275,245,215,180,2630,8510,6245
933,9330005,5,2232,6553,30162,6010,6510,2410,1120,680,425,255,445,4015,500,775,715,835,455,320,155,120,25,40,60,4020,175509,265,3755,635,2450,800,700,6300,4880,2900,1730,905,825,1170,4655,0,160,855,530,545,395,295,200,135,115,75,565,505,395,285,245,145,115,75,4015,6550,1760
933,9330006,6,2233,9328,36616,7545,8885,1865,845,285,180,110,560,3070,355,465,440,400,300,265,200,130,120,75,320,3070,537315,1725,1345,870,2865,1455,770,8625,5105,3265,830,435,395,2430,4200,0,405,810,345,320,325,375,430,280,185,165,345,315,395,485,425,260,205,155,3075,8970,5825
933,9330007,7,2234,8559,59408,7010,8450,1165,485,190,85,110,290,2845,185,325,220,275,195,225,165,175,110,105,855,2845,758160,2005,840,1002,3460,920,785,8165,3690,1980,580,320,260,1400,4375,0,935,520,205,175,215,330,435,295,225,180,230,240,335,420,510,320,220,165,2845,8500,3665
933,9330008,8,2235,5454,83745,4380,5435,905,330,190,105,85,140,1745,75,90,70,140,180,80,75,110,85,70,765,1745,778600,1390,295,1200,2470,690,420,5215,2125,930,480,285,200,445,2815,65,550,260,160,100,160,180,240,230,160,140,125,140,170,250,300,215,150,125,1750,5455,1475
933,9330009,9,2236,6463,45947,5685,6420,1425,555,285,190,90,275,2950,195,435,340,320,300,225,225,165,150,70,535,2955,643574,1360,1590,945,2985,870,520,6315,3490,1895,900,455,440,990,3525,0,830,710,255,210,175,235,270,200,145,115,275,215,260,290,310,225,160,155,2955,6460,2080
933,9330011,11,2238,5737,37553,4710,5665,895,380,230,140,85,150,1825,135,375,235,205,130,170,155,115,75,65,155,1825,368104,1110,710,679,1175,995,630,5345,2550,1465,495,295,200,975,2785,0,250,470,225,260,220,210,185,120,110,135,210,220,260,205,180,130,140,150,1820,5725,4135
933,9330012,12,2239,7061,40233,5905,7000,1365,635,270,165,105,365,2365,230,455,260,235,260,220,155,175,120,55,195,2365,437886,1430,930,780,2085,1110,635,6680,3245,1580,470,260,210,1115,3535,0,555,775,315,310,280,255,265,165,155,160,290,310,285,315,280,185,170,170,2360,7040,4320
933,9330014,14,2241,7387,34034,6045,7320,1105,405,185,105,85,215,2290,240,520,260,285,245,160,155,170,70,65,115,2290,374985,1390,900,672,1275,1425,650,6980,3190,1620,515,190,325,1105,3295,0,320,490,295,260,270,245,250,180,160,185,305,305,315,300,300,170,215,165,2290,7380,5590
933,9330019,19,2246,5175,39730,4280,5035,890,270,145,40,105,125,1900,145,380,205,230,180,185,125,120,85,65,170,1900,363515,1060,845,686,1490,825,500,4820,2340,1060,375,85,290,680,2375,0,420,640,180,185,190,195,185,135,105,110,190,220,240,215,225,155,135,120,1905,5060,2870
933,9330020,20,2247,2544,60842,1995,2235,335,170,70,50,15,105,770,40,45,95,70,45,85,60,40,35,15,245,770,671366,640,130,1161,920,300,235,2135,885,540,85,65,20,455,1055,0,115,235,70,50,55,65,100,60,45,70,70,50,65,85,105,70,55,80,770,2255,1165
933,9330021,21,2248,4222,94434,3410,4180,690,255,160,115,45,95,1240,60,80,75,90,25,70,45,60,50,70,610,1245,1088754,1010,235,1006,1980,515,230,4015,1855,840,225,105,120,615,2150,0,935,105,110,70,85,165,195,175,115,95,125,105,120,220,235,150,115,100,1240,4210,1505
933,9330022,22,2249,2694,36337,2495,2665,495,210,155,40,115,50,1610,75,265,290,255,200,180,60,65,35,65,115,1610,461284,495,1115,917,1175,405,305,2610,1610,780,405,225,180,375,1250,0,165,340,100,100,75,55,95,50,40,50,120,115,95,95,115,70,60,75,1610,2695,655
933,9330023,23,2250,4435,77021,3365,4195,580,245,100,55,45,150,1300,35,70,115,100,100,80,95,115,65,75,445,1295,673904,1005,290,1405,1955,415,355,4065,1635,810,285,125,165,530,2350,0,795,155,120,90,115,175,240,150,90,75,135,100,155,240,245,160,85,80,1300,4240,1410
933,9330024,24,2251,6051,72617,4815,5990,850,465,210,70,145,250,1895,95,90,130,165,145,125,145,130,100,95,675,1895,627945,1500,400,1306,2830,700,370,5755,2350,1205,490,210,285,715,3150,0,1060,305,185,140,160,280,295,230,155,110,165,165,225,335,335,210,145,110,1895,6050,1685
933,9330025,25,2252,7219,64514,5875,7060,1320,630,385,210,175,250,2515,110,240,195,220,210,205,145,190,220,135,640,2515,548298,1855,660,1165,3385,705,440,6770,3170,1710,840,450,390,875,4050,0,1350,315,305,240,240,275,345,225,180,140,250,250,300,330,370,215,165,135,2520,7135,2005
933,9330026,26,2253,4843,55584,3995,4830,790,345,165,70,95,180,1690,65,255,175,170,105,125,105,105,150,60,375,1690,665440,1200,485,1051,2015,550,480,4660,2165,1275,385,90,290,895,2545,0,595,410,175,135,130,215,215,155,105,90,150,140,195,255,205,150,115,75,1690,4845,1615
933,9330027,27,2254,6841,60875,5655,6545,1240,540,220,130,90,315,2400,145,195,200,285,205,120,245,165,125,95,605,2400,669756,1670,725,1210,2855,915,600,6375,3460,2045,565,245,315,1480,2935,0,455,555,195,150,135,220,315,205,155,140,185,180,200,305,325,195,145,160,2400,6575,3040
933,9330028,28,2255,3224,56991,2665,3130,455,195,95,45,45,95,1100,65,70,90,115,115,115,45,85,60,20,325,1100,934486,685,410,876,1555,340,220,3055,1420,795,320,125,200,470,1750,0,530,235,125,120,90,105,130,115,80,80,150,140,120,135,175,115,80,60,1105,3155,1510
933,9330029,29,2256,5691,45328,4605,5350,1285,545,245,95,150,300,2170,165,275,270,245,205,195,170,140,105,70,325,2170,454488,1050,1120,888,2380,590,380,5120,2915,1655,840,295,540,815,3360,0,835,445,340,280,235,220,190,125,90,70,390,315,265,240,225,130,105,90,2170,5405,1910
933,9330030,30,2257,6606,44717,5415,6515,1005,440,270,135,135,170,2195,240,290,180,285,195,190,170,185,105,105,250,2195,413971,1375,815,751,1900,975,650,6135,3050,1365,600,300,300,765,3625,0,760,455,295,320,330,245,255,140,120,155,310,355,300,305,245,155,140,135,2195,6590,4040
933,9330032,32,2259,6987,38153,5645,6900,1255,475,230,130,105,240,2300,245,320,325,330,245,225,130,135,105,80,155,2300,313267,1210,1090,713,1370,1300,715,6515,3320,1650,725,385,340,920,3840,0,1025,395,365,390,355,265,230,140,125,165,320,370,350,285,220,160,150,150,2300,6975,4240
933,9330033,33,2260,7166,36418,5825,7045,1095,245,125,40,90,120,2300,255,365,305,350,220,265,115,115,75,45,180,2300,331037,1370,930,665,1435,1235,730,6680,3165,1325,515,245,265,815,3570,0,605,540,330,370,320,305,230,150,145,170,290,375,325,295,220,175,155,170,2300,7160,5105
933,9330037,37,2264,8770,28269,7205,8650,2095,630,480,240,235,155,3375,435,825,550,400,295,265,180,175,35,85,130,3380,285503,1230,2150,671,1955,1475,710,8065,5130,2225,1315,365,950,905,4870,0,1315,735,550,590,465,340,295,140,160,155,555,570,420,295,220,165,180,135,3380,8750,4660
933,9330038,38,2265,4628,25474,3850,4425,1495,530,360,145,210,175,2115,330,525,320,395,215,180,85,20,10,10,20,2115,202870,390,1725,634,1230,615,460,4195,3075,1380,685,275,405,695,2590,0,470,290,270,365,260,195,150,90,70,70,280,325,240,195,130,100,90,70,2115,4460,2290
933,9330040,40,2267,7847,34078,7515,7675,2535,995,840,410,425,160,5245,510,795,970,825,770,560,335,165,105,60,140,5245,211487,885,4360,721,4165,625,610,7615,5765,2985,2410,1000,1415,575,6140,0,1060,1475,760,655,425,255,205,130,80,75,1075,780,470,290,260,175,145,120,5245,7715,1190
933,9330041,41,2268,7787,42333,7145,7610,2165,705,555,255,295,150,4375,315,585,470,650,560,460,345,210,220,85,475,4375,345644,1570,2805,812,4100,640,540,7440,4890,2240,1765,670,1090,475,5595,0,1395,690,635,575,330,285,245,185,130,90,700,625,395,360,295,230,155,145,4375,7660,1055
933,9330042,42,2269,5713,45105,4900,5645,1355,510,325,155,170,190,2410,150,390,270,285,210,225,195,165,140,100,280,2410,447039,1270,1135,886,2495,735,280,5425,3275,1675,985,370,620,685,3550,0,1185,505,405,315,235,205,240,135,100,105,380,320,260,250,255,160,85,85,2410,5715,1110
933,9330043,43,2270,7963,58040,6645,7890,1570,665,325,165,160,340,2990,150,270,320,240,220,350,160,170,185,135,790,2990,587359,1930,1065,967,4285,730,415,7575,3660,1900,1030,435,590,870,4870,0,1550,360,360,265,250,310,360,300,170,125,395,300,310,390,390,260,165,120,2990,7950,1785
933,9330044,44,2271,4921,54671,4200,4865,835,350,195,95,100,155,2100,140,315,165,180,175,150,145,100,45,80,600,2105,762056,1130,970,850,2600,535,235,4725,2140,1010,595,195,400,415,2740,0,595,345,210,180,165,155,230,155,120,90,185,185,180,205,240,165,130,110,2100,4925,810
933,9330046,46,2273,4793,34916,4475,4725,1450,490,360,155,200,125,2895,300,405,445,450,335,245,240,155,80,55,175,2890,272234,705,2190,734,2600,415,215,4660,3350,1710,1355,555,800,355,3720,0,590,455,470,425,260,195,150,115,65,35,475,400,285,220,160,110,80,60,2895,4780,580
933,9330047,47,2274,7631,39739,7215,7505,2385,865,770,330,445,95,4980,390,660,685,790,620,485,295,285,150,170,450,4980,262867,1380,3605,779,4430,575,430,7395,5140,2915,2320,780,1540,600,5945,0,545,1035,735,690,445,305,265,165,110,85,855,680,395,315,280,190,130,105,4980,7535,705
933,9330048,48,2275,5873,38153,5580,5825,1725,565,470,175,290,90,3645,320,555,450,575,415,290,300,205,100,100,340,3645,312797,1280,2360,796,3145,400,350,5750,4305,2055,1540,615,920,515,4495,0,525,530,520,490,340,245,210,155,100,85,600,465,355,280,235,165,105,95,3645,5870,780
933,9330051,51,2278,7344,40234,6035,7215,1275,470,345,220,125,130,2450,195,330,385,310,280,200,190,195,105,75,175,2450,328634,1405,1045,766,1275,1185,785,6830,2990,1315,720,320,400,600,3890,0,750,685,360,375,360,265,225,140,135,190,355,340,355,275,240,160,180,205,2455,7265,3765
933,9330053,53,2280,9073,41908,7535,8920,1505,575,365,185,180,210,3050,235,490,395,375,310,340,265,175,120,105,250,3050,327212,1880,1170,743,1720,1600,1090,8495,4290,1920,905,410,500,1005,5035,0,1255,705,480,460,430,350,330,215,205,215,395,390,405,360,310,230,205,225,3050,9060,4835
933,9330054,54,2281,8199,38155,6855,8055,1600,390,315,205,115,70,2940,195,555,420,410,260,310,180,220,140,65,185,2940,325510,1735,1205,691,1870,1290,800,7690,3870,1545,735,285,445,810,4555,0,1375,685,425,445,390,315,280,170,165,175,460,445,390,320,265,185,150,210,2940,8135,3865
933,9330056,56,2283,8710,22452,7265,8530,2365,540,470,235,235,75,4405,885,1105,730,540,390,315,170,95,60,30,80,4410,216072,810,3600,569,2485,1440,615,8075,5360,2070,1575,610,965,495,4795,0,1160,705,555,615,540,380,330,180,140,150,525,605,460,385,350,155,160,120,4405,8645,2585
933,9330057,57,2284,8103,15002,6885,7885,1565,420,295,125,165,125,3980,940,1565,600,240,200,125,130,75,35,20,50,3975,231978,550,3425,395,1210,1335,745,7580,4195,2005,1000,365,630,1010,2900,0,1790,50,315,330,390,305,320,195,205,275,240,255,280,260,220,130,170,220,3980,7935,5745
933,9330058,58,2285,3412,9752,2840,2995,895,200,145,80,60,55,2405,1215,885,205,50,30,10,15,0,0,0,0,2410,199052,35,2375,337,425,810,250,2925,2030,660,510,180,330,155,755,0,1330,30,155,195,270,265,270,235,210,190,50,75,95,75,60,60,35,55,2410,3010,980
933,9330060,60,2287,8350,30370,7975,8300,2815,1120,765,390,370,360,5490,700,1005,965,815,655,465,325,245,90,75,145,5485,163557,745,4745,733,3575,940,695,8165,6210,3530,2265,705,1560,1265,6090,0,370,880,770,830,595,470,380,270,185,135,705,565,405,305,270,195,130,125,5490,8350,1380
933,9330061,61,2288,4731,28322,4555,4715,1460,770,470,230,240,300,3280,495,705,570,435,360,230,175,80,85,20,115,3280,182849,375,2905,731,1990,515,345,4650,3215,2075,1340,385,955,740,3175,0,135,775,370,405,325,235,230,140,105,75,380,285,245,165,145,140,110,70,3280,4735,780
933,9330062,62,2289,3281,33187,3195,3260,670,325,275,130,145,45,2325,200,495,325,370,215,155,125,95,70,50,225,2325,264452,620,1700,854,1605,425,275,3210,1910,1065,810,330,485,250,2060,0,185,580,155,215,150,140,135,125,105,85,165,185,145,110,110,115,110,95,2325,3280,460
933,9330063,63,2290,3585,31622,3395,3570,1105,465,305,190,120,155,2310,295,445,350,340,285,210,140,105,50,0,85,2305,184246,555,1755,730,1350,380,405,3510,2355,1245,890,315,575,350,2550,0,385,225,280,355,235,190,155,120,85,50,250,240,185,130,125,105,60,70,2305,3585,490
933,9330064,64,2291,4034,27574,3905,4010,1500,600,300,180,125,300,2695,435,590,410,465,285,215,140,55,35,20,50,2690,148564,240,2455,712,1610,495,320,3970,3120,1740,1130,330,800,615,2950,0,360,350,420,415,260,200,165,100,70,55,405,280,175,140,120,85,65,45,2690,4025,840
933,9330065,65,2292,6417,26336,6020,6195,2275,1170,615,345,265,555,3990,695,880,580,645,375,280,190,130,75,30,115,3985,205181,605,3385,696,2595,770,665,6100,4750,2890,1560,605,960,1325,4165,0,615,535,660,560,340,255,235,175,130,120,630,375,260,185,180,130,105,95,3985,6225,1595
933,9330066,66,2293,1513,41119,1450,1500,850,360,205,95,110,155,865,90,85,75,145,120,55,15,50,55,0,170,860,486898,185,675,1167,780,120,205,1470,1300,750,375,150,220,380,1125,0,215,10,150,130,70,50,65,40,35,30,170,95,65,70,55,35,30,30,865,1510,525
933,9330067,67,2294,5340,25723,5070,5295,1585,720,335,220,110,380,3450,560,830,505,565,375,170,145,60,95,35,105,3445,230513,445,3005,661,2100,660,385,5210,3570,1940,1065,515,545,875,3100,0,260,490,375,380,315,255,200,195,145,125,355,300,240,190,210,145,125,125,3450,5340,1135
933,9330068,68,2295,4733,28597,4590,4705,1345,590,345,145,200,245,3345,420,725,595,475,365,265,140,90,80,35,155,3350,246538,455,2895,745,2230,515,435,4650,3100,1720,1075,325,745,650,3125,0,420,950,315,400,335,240,200,145,135,85,325,360,245,200,190,120,95,85,3350,4730,770
933,9330069,69,2296,6833,36988,5470,6595,2535,1285,790,380,405,500,2650,375,335,370,305,235,170,180,80,125,70,400,2650,753792,740,1915,794,4640,260,200,6200,4975,3465,2035,980,1050,1430,4045,0,240,405,460,480,295,195,170,115,95,90,450,485,300,215,195,120,130,80,2655,6680,2340
933,9330102,102,2300,4805,44134,3800,4730,695,255,120,85,35,135,1740,110,225,165,280,205,110,155,135,90,50,215,1740,276067,1165,560,892,1265,665,480,4485,2510,1210,735,415,325,475,2695,15,110,240,170,190,235,205,195,125,70,75,175,240,300,245,220,125,105,75,1740,4795,1065
933,9330103,103,2301,6362,38962,5465,6220,1520,615,445,345,105,165,3110,215,510,415,475,430,265,225,170,150,40,205,3110,241206,1465,1640,771,1660,1105,705,5995,3535,1600,1095,675,420,505,3795,0,300,695,290,375,335,230,195,135,125,110,370,325,340,250,215,170,150,155,3110,6325,1160
933,9330104,104,2302,7237,51085,5750,7105,1320,455,285,195,90,170,2605,115,275,315,275,275,275,205,190,215,80,375,2605,353652,1520,1080,931,1765,995,890,6730,3515,1565,900,570,330,665,4285,0,405,505,260,330,355,330,270,205,135,130,275,365,375,360,290,190,135,160,2600,7225,1460
933,9330110,110,2303,10136,73161,7750,9995,1170,585,410,230,180,175,3460,45,240,200,295,300,270,270,285,190,215,1130,3455,400966,2720,740,861,3510,1085,765,9370,4075,1920,1490,925,565,430,6225,0,235,395,220,290,510,545,460,380,265,180,260,420,590,555,475,395,240,170,3455,10130,1060
933,9330112,112,2305,2592,59889,2140,2545,415,70,50,45,10,15,1025,45,80,70,115,110,90,90,100,85,45,190,1025,315718,765,260,1025,685,255,255,2405,1220,470,375,225,150,95,1550,0,170,360,85,120,140,90,105,80,70,70,100,125,115,105,95,90,75,70,1020,2585,395
933,9330113,113,2306,6898,52421,5245,6530,1055,475,285,185,100,190,2430,90,360,250,220,230,235,270,155,165,105,345,2425,320712,1510,920,799,1860,935,645,6190,2740,1220,780,445,335,440,3675,0,35,540,200,230,300,250,260,220,150,150,175,260,315,295,290,230,165,155,2430,6615,1000
933,9330114,114,2307,8002,68796,6110,7855,860,270,180,145,35,90,2520,95,120,170,145,200,265,285,210,250,165,610,2520,347862,2160,360,954,2185,890,845,7390,2970,1240,810,605,210,430,4870,0,185,365,195,305,405,355,365,280,205,135,215,365,440,390,350,275,185,130,2520,7965,1170
933,9330115,115,2308,4921,60457,3785,4730,570,305,180,150,30,125,1620,40,105,120,150,145,235,80,160,170,105,300,1620,333257,1280,340,1073,1450,595,475,4470,2210,930,690,370,315,245,2960,0,70,310,165,170,230,225,195,180,115,90,160,210,250,235,220,160,110,90,1620,4770,735
933,9330116,116,2309,4816,74020,3850,4770,620,85,35,25,15,45,1600,30,95,115,150,110,125,120,150,110,95,505,1605,422139,1325,280,1158,1760,540,390,4530,1930,825,490,300,190,330,2885,0,190,270,115,145,180,185,245,190,160,110,125,155,215,230,230,205,135,115,1605,4815,410
933,9330117,117,2310,5716,70679,4625,5685,615,240,145,110,30,100,1960,55,95,185,140,170,150,160,115,105,160,615,1960,420934,1625,335,1056,2130,570,475,5410,1725,700,420,320,100,280,3360,0,170,935,135,165,200,230,240,240,170,155,135,195,240,290,260,210,180,150,1960,5725,900
933,9330118,118,2311,7012,45104,5840,6880,1225,525,280,205,75,245,3060,220,390,395,325,330,295,225,205,150,135,380,3060,278762,1945,1115,838,2300,970,740,6580,3410,1720,1040,755,285,685,4030,0,315,780,215,315,355,300,270,205,145,130,250,335,370,285,275,205,205,150,3060,7010,1810
933,9330119,119,2312,2055,62606,1620,2005,275,90,45,35,10,45,755,10,45,50,90,50,95,65,60,60,45,175,755,367289,625,125,1199,770,225,265,1910,765,310,195,135,60,115,1175,0,75,435,35,60,80,90,110,65,50,40,45,60,95,105,100,60,50,50,750,2030,355
933,9330120,120,2313,3801,69738,3045,3775,590,245,170,85,80,75,1315,10,80,120,95,115,105,130,115,55,50,430,1315,414935,1095,215,1339,1355,430,405,3595,1440,805,465,240,225,340,2040,0,45,595,60,70,130,160,175,125,115,100,70,85,155,205,185,130,105,110,1315,3785,525
933,9330121,121,2314,4331,71889,3375,4285,470,195,125,70,60,65,1455,45,70,115,100,125,125,105,160,85,80,440,1455,395781,1270,185,1456,1630,500,355,4090,1570,790,410,280,130,380,2330,0,80,1035,50,95,185,200,185,170,90,95,75,125,210,235,180,145,105,100,1455,4325,570
933,9330122,122,2315,4156,89654,3350,4105,575,295,195,145,45,105,1300,45,60,55,90,95,55,95,100,55,100,550,1300,437615,1190,105,1364,1905,460,255,3970,1595,845,450,260,190,395,2355,0,0,240,90,60,105,190,225,190,125,115,80,100,145,220,260,165,120,105,1300,4150,1050
933,9330131,131,2317,6929,64993,5425,6630,875,510,245,220,20,265,2490,60,370,115,225,170,225,165,170,140,135,710,2490,496683,2020,475,931,2640,855,460,6355,3030,1535,910,645,265,620,3570,0,660,870,105,120,185,285,320,260,155,165,150,155,265,350,340,245,170,140,2490,6685,1005
933,9330132,132,2318,3841,93716,3085,3790,390,155,140,120,20,20,1340,25,65,65,30,100,55,110,115,65,50,650,1335,800614,1250,90,1474,1835,410,285,3660,1330,515,295,240,55,215,2220,0,310,405,60,65,100,145,185,180,135,115,75,75,155,175,210,175,130,105,1340,3840,465
933,9330133,133,2319,9187,93016,7505,9095,1010,455,290,220,70,165,3175,85,115,165,170,175,145,255,205,220,150,1490,3175,620853,2860,310,1212,4160,810,570,8720,3795,1990,1375,1035,340,615,5550,0,220,495,140,145,235,370,460,460,360,310,155,250,345,425,505,480,325,275,3170,9185,850
933,9330134,134,2320,6563,73796,5500,6455,995,510,265,235,30,250,2210,95,125,125,175,185,170,165,135,95,95,850,2215,743940,1810,405,1476,2925,750,585,6300,3305,2070,860,600,260,1215,3380,0,270,530,150,125,155,225,310,270,230,200,140,120,200,295,340,285,230,180,2210,6490,2125
933,9330135,135,2321,5623,81723,4650,5585,845,445,315,190,120,135,1770,80,70,115,130,100,105,115,130,140,70,715,1765,683602,1450,315,2321,2460,700,475,5425,2630,1420,660,405,255,760,2970,0,80,830,100,105,110,175,280,240,195,145,110,125,170,270,345,225,165,130,1765,5620,1865
933,9330141,141,2323,7442,49805,5820,7250,1285,480,325,285,40,150,2850,110,410,230,370,310,320,235,180,210,85,385,2850,293487,1720,1130,712,1795,1305,735,6880,3165,1355,760,460,300,595,4050,0,55,115,180,255,300,375,325,210,160,140,190,310,410,385,335,235,170,145,2850,7335,1965
933,9330145,145,2327,7240,47255,5855,7165,875,450,215,140,75,235,2135,155,185,355,220,215,180,160,120,160,80,300,2135,395494,1755,375,1059,1910,1330,790,6880,3705,2275,495,295,195,1780,3435,0,50,145,220,190,225,345,355,210,165,155,240,210,310,370,400,200,175,130,2135,7220,4480
933,9330146,146,2328,6117,52789,4840,6025,815,320,260,195,70,55,1880,100,155,140,245,220,220,135,175,180,60,245,1880,341838,1390,490,901,1285,1030,685,5665,2620,1270,720,505,210,550,3540,0,25,175,270,260,265,225,245,200,165,130,250,270,255,245,240,200,140,135,1880,6110,3095
933,9330148,148,2330,4640,32096,3795,4405,1000,625,330,205,120,295,1945,160,480,245,280,205,180,125,105,45,30,85,1945,241929,820,1125,744,1160,785,475,4265,2565,1825,725,395,330,1095,2115,0,0,105,170,175,180,130,145,110,80,90,160,180,185,175,155,120,120,125,1945,4460,1955
933,9330150,150,2332,706,57918,560,695,75,40,35,30,0,0,295,0,0,15,35,30,60,30,45,20,20,30,290,223814,250,45,850,160,90,75,650,235,75,55,50,10,20,465,0,205,75,25,30,60,35,25,20,10,15,30,45,50,35,20,15,10,15,290,705,20
933,9330180,180,2339,7147,59154,5735,7040,780,405,380,305,75,25,2430,125,220,270,225,195,185,170,175,180,150,525,2430,451574,1920,510,873,1465,1370,705,6765,2795,1070,965,740,220,100,4240,0,240,305,160,195,245,320,360,340,265,190,160,180,285,335,365,315,190,160,2430,7090,345
933,9330182,182,2341,9419,60610,7220,9320,1740,785,700,545,155,80,2835,105,210,295,295,240,270,240,255,220,175,535,2835,378714,2190,640,804,1575,1850,1115,8830,4720,2180,1770,1340,430,410,5355,0,305,325,265,310,445,460,420,335,255,185,245,325,455,455,395,310,210,175,2835,9420,1870
933,9330188,188,2347,13034,62988,9760,12860,2335,960,650,585,60,315,3630,135,210,240,310,410,345,410,305,280,250,730,3630,322048,3165,465,955,2735,2015,1565,12080,8010,4200,2580,2025,555,1620,6840,0,50,120,335,470,655,645,585,420,300,250,340,570,725,645,520,340,270,185,3630,13050,4005
933,9330192,192,2351,4206,37085,3265,4140,1070,495,460,360,100,30,1455,130,235,195,210,160,170,100,50,60,35,110,1455,188245,805,650,764,375,1100,390,3820,2140,1150,900,695,200,250,2265,0,175,340,245,260,245,185,145,115,85,75,200,205,160,135,120,95,75,60,1455,4200,1220
933,9330200,200,2352,3020,43662,2320,2990,690,515,455,415,45,60,910,65,145,115,105,85,110,85,70,35,20,70,910,257471,580,325,721,435,505,305,2750,1695,1095,715,540,175,380,1710,0,195,165,180,185,140,120,85,75,75,55,165,140,135,70,90,70,50,40,905,3045,1555
933,9330201,201,2353,1481,49490,1170,1425,375,255,215,190,25,40,515,30,70,65,45,50,80,40,30,40,30,35,515,298721,320,195,627,275,200,200,1325,760,505,425,320,105,75,850,0,160,165,70,80,70,55,55,30,30,35,55,75,80,55,45,35,30,40,520,1455,590
933,9330202,202,2354,5605,44561,5045,5535,1670,1005,870,740,125,130,2890,185,280,310,480,440,270,300,100,150,125,245,2890,225036,1645,1245,778,1685,900,620,5335,4005,2840,2340,1820,520,495,3645,0,165,115,340,330,275,215,200,175,175,125,330,340,245,225,255,200,165,150,2890,5605,980
933,9330203,203,2355,4068,52362,3285,4000,430,250,220,205,15,30,1450,40,125,190,165,135,185,130,110,80,105,180,1450,279144,1040,415,714,835,765,320,3785,1625,1140,900,670,235,235,2395,0,655,315,180,205,195,185,180,85,90,70,170,200,215,160,150,105,70,65,1450,4070,890
933,9330204,204,2356,8305,29643,7260,8165,2545,1370,1190,940,245,185,4485,530,810,905,655,475,385,235,180,145,50,105,4480,189661,1175,3310,635,1830,1590,925,7840,5520,3755,3155,2100,1055,605,5060,0,630,595,485,580,475,375,325,205,170,110,480,475,405,345,260,220,155,130,4485,8300,1420
933,9330205,205,2357,7388,26901,6680,7245,2175,1245,1145,835,310,100,4480,560,1150,750,695,450,235,215,165,95,30,140,4480,189826,1495,2985,593,1505,1705,810,7040,4365,2885,2545,1820,725,340,3635,0,510,645,350,390,355,330,235,180,135,140,340,310,270,230,245,185,145,180,4480,7315,940
933,9330206,206,2358,1587,30071,1490,1585,635,405,360,305,50,45,885,125,155,160,120,120,75,60,20,10,0,30,885,170186,280,600,684,490,270,135,1555,1360,1040,810,530,280,225,1090,0,90,95,160,140,95,80,65,45,40,35,130,85,65,40,65,35,25,15,885,1595,280
933,9330207,207,2359,2111,31605,1980,2050,660,485,415,315,105,65,1290,115,250,230,240,180,75,100,30,30,10,35,1290,134322,445,845,600,585,355,155,2010,1625,1175,1020,775,240,160,1510,0,135,205,190,150,135,100,95,55,40,35,170,125,90,75,80,45,45,40,1290,2105,215
933,9330208,208,2360,5015,36558,4000,4855,765,445,395,345,45,50,2180,205,490,240,180,180,155,150,120,90,85,280,2180,338763,1040,1140,567,1165,865,520,4625,2395,1440,1210,900,310,230,2480,0,940,510,140,195,230,230,190,115,100,90,175,210,235,225,180,115,85,100,2175,4910,585
933,9330209,209,2361,6505,54792,5060,5990,905,600,550,475,70,55,2515,70,190,220,395,265,250,280,160,145,170,360,2515,267959,1855,655,832,1550,1035,610,5700,3055,2115,1805,1505,300,310,3640,0,245,510,180,245,280,285,230,220,165,145,185,275,315,260,320,220,200,150,2510,6065,925
933,9330210,210,2362,4265,38573,3570,4175,905,595,545,460,85,50,1940,160,270,240,325,245,185,140,90,95,70,125,1940,223529,1015,930,630,930,665,515,3945,2340,1550,1370,1145,225,180,2635,0,520,495,215,285,230,195,165,105,90,65,205,235,215,150,165,115,85,80,1940,4240,705
933,9330220,220,2363,1023,47080,780,975,105,50,45,45,0,0,330,30,40,10,55,35,30,55,0,30,10,25,335,309531,165,170,835,190,215,95,930,405,265,165,125,35,105,570,0,95,110,35,50,70,55,40,30,25,15,40,45,45,50,35,25,25,25,330,990,405
933,9330222,222,2365,7389,47882,6045,7255,1075,630,340,295,45,290,2840,210,280,320,365,305,355,255,225,150,80,285,2840,288047,1940,900,825,2080,1155,715,6890,4180,2335,1345,1110,230,990,4080,0,200,705,280,370,355,325,305,200,140,130,325,390,375,365,310,210,155,130,2840,7355,2815
933,9330223,223,2366,8487,36021,6545,8295,2210,1165,775,580,195,390,2835,290,480,460,325,280,250,180,225,135,75,140,2835,258125,1185,1650,761,1555,1640,995,7760,5455,3350,2000,1255,745,1355,4075,0,240,555,415,450,415,310,285,190,150,125,450,450,425,320,285,200,140,105,2835,8470,4165
933,9330224,224,2367,7520,22485,6220,7075,1885,885,560,450,110,330,3665,465,1200,580,345,310,245,155,115,105,20,110,3665,244159,1040,2630,619,1340,1745,680,6780,4270,2760,1705,1045,670,1050,3225,0,100,530,355,390,325,250,195,140,165,185,340,300,270,255,205,155,190,215,3660,7165,2160
933,9330225,225,2368,7088,41066,5850,7025,1640,1060,670,490,185,385,2500,270,360,330,265,270,340,110,160,155,85,150,2500,388045,1270,1225,765,1320,1345,835,6720,3795,2255,1130,815,315,1125,3575,0,255,710,345,310,280,285,265,190,175,145,315,340,285,275,250,180,160,155,2500,7075,2835
933,9330227,227,2370,8075,27452,7400,8000,2340,1260,755,500,255,505,4570,610,1005,835,720,430,330,235,170,75,70,85,4565,176382,1285,3280,656,2150,1525,835,7750,5540,3945,2180,1375,805,1760,4370,0,75,425,575,525,395,305,260,180,170,150,530,450,325,295,245,200,190,215,4565,8075,2430
933,9330229,229,2372,6442,40124,5025,5845,1005,585,495,355,145,85,2375,190,305,360,330,275,270,140,125,105,100,180,2375,309247,1425,950,677,1180,1175,515,5600,2735,1655,1065,795,270,590,3120,0,155,680,275,285,275,210,195,175,140,145,250,285,235,240,230,180,160,170,2370,5915,2715
933,9330231,231,2374,3732,64069,2990,3670,465,340,230,90,140,110,1170,75,80,125,100,110,65,95,95,60,85,270,1175,503204,945,225,914,1115,540,430,3495,1605,1040,460,265,195,580,1860,0,95,275,120,110,120,140,165,115,95,105,120,105,160,165,185,120,110,75,1175,3685,1485
933,9330232,232,2375,2987,50629,2455,3010,480,285,225,185,40,60,885,25,105,80,75,145,95,90,55,45,30,140,885,446705,675,210,906,900,460,265,2875,1365,910,590,385,200,320,1675,0,95,145,150,110,115,95,130,95,105,75,105,100,115,125,135,110,90,65,890,3020,1535
933,9330233,233,2376,6094,45744,4855,5930,1160,435,315,265,55,120,1980,130,215,255,275,195,180,155,130,160,105,175,1980,333011,1135,845,773,975,1145,750,5625,3280,1710,1195,955,240,510,3250,0,305,720,305,290,250,245,215,125,110,125,295,280,255,235,195,150,125,130,1980,6045,2650
933,9330234,234,2377,5474,50889,3975,5125,820,420,345,240,100,85,1630,115,195,150,155,160,185,130,130,95,85,220,1630,360888,1150,485,944,1280,875,455,4810,3040,1625,990,820,170,635,2640,0,145,575,170,205,235,245,195,125,105,95,180,210,275,235,210,120,80,110,1630,5170,1755
933,9330236,236,2379,3803,65969,3065,3775,465,170,115,90,25,60,1090,65,50,70,50,135,120,70,110,85,65,270,1090,515746,965,130,1290,940,665,410,3625,1320,600,235,155,85,360,2085,0,45,130,120,90,135,170,195,120,120,95,105,95,170,190,185,120,105,85,1090,3805,1600
933,9330237,237,2380,7418,43409,6160,7325,1475,880,590,515,75,290,2790,205,360,275,410,345,275,200,160,110,80,370,2790,345678,1615,1175,871,2030,1185,880,7065,4035,2535,1345,910,435,1190,3950,0,50,235,340,290,315,320,295,180,195,170,315,320,330,330,300,215,180,155,2790,7415,3025
933,9330239,239,2382,7454,43551,6300,7370,1110,580,435,310,125,145,2865,200,340,395,345,410,285,210,215,120,115,220,2860,334948,1645,1210,798,1825,1155,835,7050,3655,2105,1235,815,420,875,4165,0,100,755,400,365,330,290,245,185,170,180,310,365,330,285,260,190,190,200,2860,7450,3215
933,9330240,240,2383,8321,42274,6890,8065,1200,595,400,295,100,195,3040,250,435,330,425,325,310,335,150,140,150,190,3040,323296,1900,1140,743,1570,1445,995,7720,4295,2605,1580,1150,425,1025,4515,0,295,755,460,410,375,305,315,190,180,200,405,400,360,285,305,200,215,180,3040,8200,3560
933,9330241,241,2384,6997,44361,5710,6670,1070,590,485,355,125,110,2625,170,380,345,305,270,240,285,180,125,65,260,2625,320341,1615,1010,757,1630,1185,765,6435,3135,1790,1370,955,415,415,3935,0,715,540,285,355,290,310,300,205,145,145,295,310,305,290,290,170,165,135,2630,6755,2230
933,9330242,242,2385,7009,43884,5890,6920,1260,660,470,370,100,190,2670,255,280,335,345,270,235,200,175,145,90,335,2670,394984,1680,990,744,1720,1245,735,6625,3405,1895,1200,750,455,690,4015,0,305,710,320,310,305,290,265,230,170,170,280,305,310,270,290,215,185,160,2670,6995,2015
933,9330280,280,2391,3975,68440,2610,3255,235,95,40,35,10,55,1010,60,45,60,85,95,70,95,95,55,75,270,1005,358114,960,45,1218,935,430,375,3120,1390,875,455,405,50,420,1910,0,0,0,105,115,195,230,200,180,100,105,115,110,190,220,225,135,100,65,1010,3320,1300
933,9330282,282,2393,6942,41818,5460,6625,1310,680,645,560,85,40,2785,175,380,380,385,365,290,200,200,125,105,170,2785,202835,1705,1075,688,1210,1285,735,6290,3660,2250,1820,1430,390,430,3830,0,370,415,325,425,375,270,210,150,150,120,355,405,345,250,205,190,145,120,2785,6780,1620
933,9330283,283,2394,6022,36339,4755,5665,1310,795,620,430,190,170,2425,235,380,380,385,225,180,180,130,85,80,160,2425,262727,1145,1280,678,1410,940,635,5405,2955,2145,1555,1065,485,590,3365,0,170,420,315,360,285,250,215,135,115,105,270,305,245,225,175,160,120,105,2425,5750,1125
933,9330013.01,13.01,2951,5534,36520,4540,5460,745,175,70,15,50,105,1685,145,305,205,245,160,165,120,100,40,105,90,1685,343033,1035,645,782,1070,935,650,5210,2385,915,210,105,105,705,2585,0,280,310,245,235,220,155,180,120,120,150,195,235,245,210,205,135,150,140,1685,5530,3965
933,9330013.02,13.02,2952,6931,43026,5660,6840,1015,410,170,85,85,235,1935,110,330,240,230,170,200,135,150,125,75,165,1935,380043,1320,610,788,1255,1255,660,6445,3140,1700,415,140,275,1285,3465,0,180,480,330,335,305,230,205,165,150,175,320,280,295,245,200,195,170,160,1935,6925,5355
933,9330015.01,15.01,2953,4493,45212,3745,4450,745,395,160,115,45,230,1330,155,105,140,210,135,135,115,80,75,50,135,1335,406602,980,345,881,820,845,595,4290,1945,1160,325,165,160,830,2130,0,140,495,165,165,155,170,195,130,105,120,155,155,185,195,205,110,115,80,1335,4490,3045
933,9330015.02,15.02,2954,5143,33232,4300,5090,580,225,150,145,0,80,1800,195,425,220,195,210,125,120,100,60,35,110,1795,423680,1085,710,656,1125,980,555,4935,2145,1070,390,165,230,680,2165,0,130,600,160,145,165,195,210,135,130,145,145,155,190,220,200,130,145,130,1800,5130,3140
933,9330018.01,18.01,2955,5857,40612,4760,5720,1025,290,190,75,110,100,1710,85,280,235,235,150,145,155,115,80,35,190,1715,364197,1110,600,807,840,1105,755,5470,2785,1330,405,110,290,930,3090,0,310,390,275,285,270,195,185,125,120,170,280,280,255,215,180,140,145,155,1715,5835,4210
933,9330018.02,18.02,2956,6269,42075,5020,6165,1020,280,130,45,85,155,1925,185,235,215,290,190,180,155,135,125,80,125,1925,319987,1300,620,738,1180,1295,660,5815,2805,1075,380,175,200,700,3295,0,530,540,305,290,320,250,190,125,125,115,270,300,295,260,195,165,120,145,1925,6260,4440
933,9330036.01,36.01,2957,5551,38634,4505,5375,755,265,130,120,10,135,1715,125,285,260,205,210,195,100,120,85,30,85,1710,367330,1170,540,672,955,910,785,5165,2230,1060,425,140,285,630,2615,0,305,380,210,245,220,220,200,130,125,155,175,215,265,240,210,120,135,165,1710,5465,3660
933,9330036.02,36.02,2958,5302,46005,4315,5230,840,185,110,75,35,75,1670,125,190,210,175,190,155,155,165,105,85,110,1670,368415,1190,480,833,950,1225,545,4950,2255,850,310,200,110,540,2740,0,235,610,250,265,245,200,210,105,115,105,210,240,235,210,185,125,130,105,1670,5290,3030
933,9330144.01,144.01,2959,7707,48045,6230,7530,1520,650,420,265,155,230,2635,135,250,300,340,375,305,265,170,160,60,265,2635,269220,1650,985,880,1815,1335,970,7175,3740,1950,910,550,360,1040,4335,0,60,285,280,270,295,295,315,270,200,150,230,290,320,360,390,260,195,150,2630,7595,2895
933,9330144.02,144.02,2960,7520,52492,6070,7435,1040,350,180,130,55,170,2345,150,235,225,255,250,265,220,235,130,95,285,2345,319332,1835,510,1003,1800,1370,775,7105,3300,1650,490,290,195,1155,4065,0,20,280,270,240,285,310,310,245,190,180,230,285,315,355,360,255,195,170,2345,7515,3475
933,9330160.01,160.01,2961,4886,66625,3905,4835,440,225,215,200,20,0,1580,40,80,90,85,165,185,200,90,140,85,415,1580,360504,1450,130,1261,1440,585,575,4640,1970,1085,935,690,245,150,2770,0,10,55,65,120,155,190,230,245,195,120,70,125,190,220,275,215,155,110,1580,4885,385
933,9330160.02,160.02,2962,6755,55957,5590,6705,1220,505,410,345,65,90,2805,40,260,295,280,315,310,320,200,185,125,465,2805,342803,2070,735,821,2105,1025,725,6420,3315,1745,1495,1080,415,250,3840,0,110,225,165,185,280,265,275,275,220,150,180,220,285,315,305,265,210,185,2805,6755,410
933,9330163.01,163.01,2963,3729,64185,2845,3685,420,220,200,125,80,20,1105,45,70,75,45,105,115,200,125,75,95,155,1110,232053,1020,85,778,650,730,385,3440,1130,665,575,470,105,90,2270,0,0,30,110,145,195,150,170,145,90,60,100,150,170,180,180,130,75,45,1110,3730,900
933,9330163.02,163.02,2964,8825,50613,6735,8690,1575,790,685,615,70,100,2770,160,340,330,250,285,340,280,225,190,140,225,2775,214195,1805,970,767,1415,1845,965,8120,3995,2485,1945,1450,495,540,4760,0,70,235,330,355,415,350,330,245,180,140,335,370,385,375,345,235,185,135,2770,8805,2725
933,9330163.03,163.03,2965,8273,56848,6235,8135,1120,570,510,465,50,55,2560,100,195,250,255,265,335,275,310,230,90,255,2560,233113,2060,500,862,1230,1490,1035,7570,3025,1840,1500,1210,285,340,4675,0,45,290,300,385,390,325,290,250,165,140,285,385,390,325,290,220,185,150,2560,8270,1955
933,9330170.01,170.01,2966,8052,36326,7220,7795,1480,845,730,570,160,115,4330,130,905,715,610,435,400,240,165,140,85,500,4330,286086,2840,1485,768,2105,1440,785,7635,3800,2145,1955,1490,465,190,3885,0,260,440,195,200,230,270,260,250,200,175,190,240,240,255,350,285,230,230,4325,7860,295
933,9330170.02,170.02,2967,9158,43653,7860,8790,1795,905,825,660,165,80,4415,215,725,575,490,490,540,405,285,195,150,350,4415,242321,2880,1540,834,2375,1620,885,8430,5195,3155,3000,2195,805,150,4940,0,315,585,310,315,325,315,320,260,225,210,315,340,350,350,385,305,275,255,4415,8870,495
933,9330181.01,181.01,2968,6959,44593,5900,6860,1195,595,555,395,155,45,2995,50,455,425,425,310,245,265,220,180,75,345,2995,276451,2325,665,796,1470,1370,840,6650,3475,2190,1900,1125,780,285,3110,0,15,40,105,130,190,230,250,205,160,155,135,165,235,300,290,200,165,185,2995,6935,445
933,9330181.02,181.02,2969,7677,65799,5980,7520,965,555,470,345,125,85,2655,90,235,230,190,260,215,165,210,140,200,715,2655,367959,2470,185,1124,2165,1185,790,7210,3545,2170,1795,1205,580,380,3805,0,55,170,100,125,215,330,405,265,190,150,110,160,300,430,415,230,180,180,2655,7585,655
933,9330185.01,185.01,2970,10883,67585,8340,10760,1535,760,585,550,35,175,3300,90,215,210,345,255,345,265,325,320,225,695,3300,327861,2890,410,855,2165,1750,1195,10090,4910,2725,2135,1815,315,590,6115,0,55,290,335,380,445,525,475,365,295,220,345,370,525,495,460,345,280,200,3300,10875,3315
933,9330185.02,185.02,2971,13567,43878,10180,13275,2980,1440,1185,930,255,250,4060,230,475,595,525,430,555,480,225,200,120,220,4060,212501,2620,1440,711,2065,2765,1325,12075,8760,4830,3320,2515,805,1510,7070,0,60,190,795,795,625,435,345,270,245,190,815,720,505,410,355,300,275,215,4065,13570,7690
933,9330186.01,186.01,2972,5626,44624,4340,5465,1175,480,370,285,80,110,1790,80,185,225,280,215,220,140,115,85,60,190,1790,233912,1125,665,791,710,1190,725,5100,2780,1575,1200,910,290,370,3220,0,65,390,305,290,275,205,195,140,110,95,280,265,265,205,155,155,110,80,1785,5575,1605
933,9330186.02,186.02,2973,4906,41574,3750,4825,840,470,435,420,10,40,1710,115,340,130,230,200,170,160,155,80,50,80,1715,217841,1085,630,687,520,1220,490,4450,2145,1140,955,775,180,180,2520,0,80,575,215,235,225,200,145,115,110,95,180,225,220,165,150,105,90,100,1710,4890,925
933,9330186.03,186.03,2974,8569,41627,6405,8405,1795,570,365,260,105,205,2585,145,380,325,375,345,320,265,160,100,85,80,2580,193042,1665,915,691,975,1785,935,7680,4615,2555,1510,1065,445,1045,4120,0,55,200,370,440,370,310,255,190,170,120,430,415,360,285,230,220,170,150,2580,8570,4260
933,9330190.01,190.01,2975,5062,32628,4090,4890,1655,565,510,375,135,55,2225,135,480,345,415,295,195,150,95,60,25,25,2230,150393,1030,1200,746,655,1135,635,4575,3425,1730,1430,870,565,300,2665,0,55,150,330,270,220,160,145,120,100,80,295,255,165,175,175,130,100,110,2230,4955,1125
933,9330190.02,190.02,2976,7539,42940,5820,7355,1620,640,575,425,150,60,2545,150,325,375,310,345,225,255,210,95,80,165,2545,232683,1670,875,792,890,1645,845,6860,3510,1855,1535,1080,450,320,3850,0,175,855,325,425,400,315,240,180,150,160,330,360,350,275,230,185,140,125,2545,7515,1465
933,9330191.01,191.01,2977,8690,32832,6725,8340,1815,700,645,505,140,55,3340,330,790,400,480,360,355,165,155,140,70,90,3335,194355,1730,1610,633,1005,1940,925,7800,4550,2310,1880,1280,590,435,4260,0,40,540,450,530,400,335,255,180,155,180,390,435,350,285,230,185,195,200,3335,8480,2715
933,9330191.02,191.02,2978,7020,29813,5475,6735,2125,825,675,525,150,150,2875,320,660,450,355,380,220,130,115,75,70,90,2875,212521,1120,1750,696,900,1510,720,6325,4020,2115,1570,1005,565,545,3465,0,145,680,365,415,325,280,225,165,140,115,335,360,340,220,200,145,130,115,2875,6865,1425
933,9330221.01,221.01,2979,1648,53970,1315,1615,300,215,190,125,65,25,570,10,40,55,95,80,40,30,20,55,70,75,570,351583,480,85,804,350,290,190,1560,475,355,300,180,120,55,870,0,70,400,50,55,75,85,60,55,30,40,60,50,60,90,60,60,35,30,570,1625,435
933,9330221.02,221.02,2980,7581,50463,6120,7240,1310,640,295,230,65,345,2350,145,255,300,210,240,265,180,180,150,125,295,2355,403870,1855,500,935,1895,1335,855,6905,3175,1985,855,660,195,1125,3640,0,295,905,310,290,270,275,300,255,165,170,245,250,290,335,325,220,150,185,2355,7305,3135
933,9330250,250,2981,6080,64164,4700,6015,830,575,460,395,65,115,2200,70,185,185,170,215,220,170,135,165,95,585,2200,412092,1775,425,857,2120,680,375,5665,2925,2160,1910,1465,445,245,3690,0,155,180,110,190,285,320,340,245,175,115,135,250,335,340,325,225,140,110,2200,6085,350
933,9330260.01,260.01,2982,7546,59281,5740,7375,845,600,550,495,60,45,2690,135,195,230,250,290,270,225,310,180,185,415,2690,238155,1875,810,703,1655,1195,885,6885,3350,2275,1955,1585,370,315,4515,0,30,555,270,375,400,335,265,210,175,145,270,405,415,335,265,235,180,130,2690,7545,910
933,9330260.02,260.02,2983,3635,40281,2905,3600,650,490,420,410,15,70,1440,100,275,175,155,180,160,105,70,60,45,110,1445,219482,815,625,637,660,710,365,3380,1955,1420,1255,1110,145,165,2220,0,210,230,160,210,180,165,150,95,70,65,165,185,185,155,115,85,80,55,1440,3625,565
933,9330284.01,284.01,2984,6489,36462,5300,6405,1635,965,650,495,155,315,2575,345,375,385,245,315,190,165,135,115,80,210,2575,270638,1100,1475,749,1630,1200,670,6075,3805,2705,1600,1145,455,1100,3440,0,30,305,245,285,295,255,240,190,140,145,295,290,280,275,230,175,155,135,2575,6480,2020
933,9330284.02,284.02,2985,6005,47875,4855,5900,1120,605,530,430,95,75,2280,145,290,250,310,240,225,240,135,110,75,250,2280,257529,1320,960,813,1230,1250,535,5570,2785,1845,1475,1165,310,370,3470,0,75,475,280,280,300,255,230,165,135,135,220,285,285,245,230,165,145,120,2280,5980,1330
933,9330286.01,286.01,2986,5755,59844,4530,5690,725,485,310,295,15,170,1815,130,110,130,135,185,210,205,165,135,115,285,1820,305866,1435,375,825,1250,895,785,5415,2025,1185,685,590,90,500,3170,0,45,325,185,185,230,260,245,190,160,125,195,185,250,285,255,185,160,105,1815,5750,1290
933,9330286.02,286.02,2987,6866,65699,5265,6745,1050,605,450,405,50,150,2120,100,165,150,140,195,225,165,220,230,190,340,2120,247954,1780,340,902,1430,1040,805,6360,3140,1785,1420,1240,185,365,4000,0,15,105,235,280,330,300,295,225,160,100,215,315,340,345,295,215,145,95,2120,6860,1335
933,9330400,400,2989,9359,56034,7090,9255,1790,790,745,685,60,45,3140,105,245,245,400,345,400,380,280,215,190,320,3145,291589,2715,430,817,1355,2005,1150,8600,4275,2375,2090,1810,285,285,5245,0,350,380,265,400,505,415,390,285,200,175,295,435,455,430,400,265,180,155,3145,9330,570
933,9330401,401,2990,8460,31398,6815,8195,1970,1060,1010,930,80,50,3815,400,915,510,345,455,320,250,200,175,115,120,3815,177684,2190,1625,614,1020,2030,1115,7690,4855,2705,2505,2050,455,195,3915,0,145,425,320,395,380,265,280,205,180,175,310,400,315,270,285,210,220,220,3815,8300,425
933,9330404,404,2993,7395,54561,5350,7030,1100,445,410,365,50,35,2340,140,100,240,245,280,295,275,230,175,80,280,2345,283176,1935,405,778,1000,1330,710,6580,3325,1580,1485,1205,275,90,4070,0,170,245,235,355,435,370,315,215,170,145,210,345,380,360,260,195,150,130,2345,7110,375
933,9330500,500,2994,6292,45508,5120,6250,710,400,375,335,40,20,2375,70,315,395,255,275,195,200,200,100,105,260,2375,351124,1925,440,760,985,1475,715,5950,2235,1230,1150,970,180,80,3445,0,195,245,160,230,235,230,230,235,175,170,145,220,250,235,250,225,165,180,2375,6295,255
933,9330505,505,2999,6346,55324,4825,6205,710,285,265,235,30,20,2070,80,200,215,235,190,235,165,215,70,95,365,2070,348979,1645,425,786,1205,1260,685,5880,2405,1430,1335,1065,265,95,3680,10,235,215,140,190,290,270,275,255,175,140,140,220,305,300,290,220,165,95,2070,6275,275
933,9330016.01,16.01,3872,4258,33179,3400,4220,705,170,50,40,10,125,1365,160,235,215,150,150,135,115,65,20,45,65,1365,401589,640,725,683,770,735,610,4025,2355,1180,350,150,200,830,1940,0,140,225,175,170,170,155,140,105,90,75,175,180,195,175,165,105,85,105,1365,4255,2735
933,9330016.02,16.02,3873,11977,35030,9660,11770,2440,900,535,360,170,370,4025,530,680,535,505,510,350,295,180,90,130,220,4025,268460,2155,1870,702,2150,2180,1300,11000,6730,3095,1165,580,575,1930,6240,0,335,685,635,665,555,430,355,240,210,210,650,685,555,450,365,270,245,230,4025,11965,8240
933,9330049.01,49.01,3874,4410,47702,4125,4380,1195,535,435,245,190,100,2525,240,260,245,320,225,205,225,200,100,115,375,2525,236282,1225,1305,864,2410,335,270,4265,3200,1440,1120,430,690,320,3465,0,380,85,330,375,285,250,215,140,100,60,390,380,285,225,200,140,100,65,2530,4395,880
933,9330049.02,49.02,3875,5550,48548,4830,5395,990,435,330,140,190,100,2940,110,365,300,380,340,270,305,165,145,125,435,2945,260717,1185,1755,913,2600,600,380,5235,2895,1425,980,370,610,450,3595,0,15,20,190,245,230,215,250,215,160,115,250,265,300,300,335,255,185,140,2945,5440,885
933,9330050.01,50.01,3876,8244,23203,7055,8085,2485,865,595,165,430,270,4445,765,1195,800,635,405,235,175,115,55,35,25,4445,126486,1520,2925,568,2055,1450,560,7680,5555,2570,1560,505,1055,1010,4565,0,325,435,485,595,565,430,320,240,155,155,470,570,485,410,305,175,145,125,4445,8205,3675
933,9330050.02,50.02,3877,6335,22797,5070,5895,1785,585,440,200,240,140,2990,555,825,405,450,270,195,90,85,55,25,35,2990,186356,725,2270,598,1545,1150,465,5625,3890,1795,1160,365,795,635,3285,0,510,365,365,420,355,275,230,135,120,125,395,380,355,265,185,135,125,110,2990,6020,2150
933,9330052.01,52.01,3878,5559,29562,4465,5395,875,350,190,50,135,160,1855,260,435,235,175,175,165,125,70,30,55,115,1855,340505,935,920,602,955,1145,465,5145,2290,1080,520,265,250,565,2555,0,210,535,215,245,230,180,150,120,140,150,240,220,245,205,160,150,135,145,1855,5485,3315
933,9330052.02,52.02,3879,5499,43776,4430,5370,780,345,250,190,55,95,1710,150,275,180,175,215,140,150,90,110,60,150,1705,330673,1055,650,701,900,970,635,5120,2270,1165,585,355,225,580,2860,0,305,390,235,245,255,215,190,105,110,145,225,235,250,235,165,105,145,160,1705,5435,3255
933,9330059.01,59.01,3880,8299,10810,7845,8085,3100,1280,1020,550,470,265,6010,2880,1330,445,290,200,165,150,120,125,75,230,6010,254103,640,5370,482,2470,1620,670,7990,6530,3425,2445,990,1460,980,3890,0,3910,230,625,720,700,725,635,460,360,335,355,305,270,220,180,150,135,95,6015,8125,1980
933,9330059.02,59.02,3881,8065,27535,7685,7920,3620,1445,1145,640,505,305,5265,1325,785,645,510,550,300,270,125,165,120,460,5265,250704,1350,3920,740,3425,945,685,7805,6885,3770,2700,1140,1555,1075,5290,0,1075,45,805,730,530,445,400,340,275,205,680,460,260,230,205,185,135,110,5265,7945,2085
933,9330100.01,100.01,3882,3452,44326,2660,3150,810,345,295,210,85,50,1380,55,205,135,215,180,115,150,65,85,45,130,1380,318631,640,735,838,865,385,400,2995,1535,655,545,285,255,115,2005,0,355,375,130,155,170,135,125,85,75,65,150,185,170,155,115,90,75,75,1380,3200,320
933,9330100.02,100.02,3883,6490,40873,5515,6400,1625,570,440,210,230,130,3005,250,510,380,300,350,395,230,80,135,105,250,3005,279626,1345,1660,747,1475,915,710,6065,3730,1650,1200,550,650,450,4070,0,525,575,355,410,355,335,220,155,140,135,330,370,355,280,230,180,155,105,3010,6475,1110
933,9330101.01,101.01,3884,7056,33218,6565,7000,2305,1010,670,415,255,340,4310,405,700,810,720,640,415,150,195,125,55,105,4310,166072,1065,3245,750,2060,1150,840,6845,5110,2725,1860,980,880,865,4700,0,120,440,465,500,380,310,240,170,125,115,530,440,275,275,260,180,190,130,4310,7055,1430
933,9330101.02,101.02,3885,6394,34217,5620,6300,1430,570,420,310,110,145,3390,340,680,445,450,470,305,155,145,120,85,195,3390,200097,1515,1835,664,1765,1035,640,6050,4050,1915,1285,845,440,630,3950,40,190,350,335,425,330,280,185,160,135,110,390,430,325,265,250,185,170,140,3390,6395,1285
933,9330111.01,111.01,3886,5003,56803,3885,4945,990,390,350,305,45,40,1695,60,130,145,225,150,195,175,120,160,70,245,1695,336223,1110,570,982,1300,540,425,4620,2685,1170,730,590,140,445,2875,15,25,100,180,215,255,220,180,125,95,85,175,260,285,230,180,150,105,95,1695,4990,970
933,9330111.02,111.02,3887,7550,73430,5930,7480,1090,430,310,185,135,115,2485,85,85,195,190,155,170,240,240,245,180,700,2485,377969,2195,290,1017,2570,830,655,7040,3305,1265,940,600,340,325,4600,0,60,170,170,225,310,315,335,345,225,155,185,285,375,345,385,310,195,160,2485,7535,990
933,9330111.03,111.03,3888,3924,52084,3055,3860,965,415,295,210,80,115,1425,85,85,155,160,165,160,170,135,70,85,155,1430,230817,1060,350,931,980,490,495,3570,2180,815,530,350,185,285,2345,10,35,80,155,205,230,175,120,115,90,55,175,250,220,175,145,125,90,55,1425,3920,760
933,9330130.01,130.01,3889,4575,41361,4190,4445,700,330,275,210,60,55,2625,90,375,400,400,280,245,185,100,85,75,375,2625,441338,1305,1320,1002,1845,635,545,4375,2525,1115,880,595,285,230,2055,0,215,265,75,95,85,100,135,145,115,120,110,110,130,160,170,170,140,155,2625,4450,555
933,9330130.02,130.02,3890,6305,32405,5575,6115,1305,580,440,315,120,140,3470,290,680,605,490,315,250,180,125,110,85,335,3470,356889,1365,2050,783,2100,1095,555,5965,3470,1790,1295,925,365,500,2980,55,250,375,195,210,195,205,185,190,160,155,195,230,225,215,245,215,195,200,3470,6135,895
933,9330142.01,142.01,3891,6281,58008,4905,6205,880,395,215,85,125,180,1975,90,145,140,200,240,190,180,195,195,110,295,1975,298144,1620,355,1041,1800,960,500,5920,2750,1470,630,375,255,830,3605,0,20,30,130,165,250,330,325,225,140,105,155,205,340,330,345,210,130,115,1975,6280,2660
933,9330142.02,142.02,3892,4775,54758,3835,4740,810,500,240,185,60,250,1610,60,140,120,150,220,200,170,145,95,105,200,1615,301072,1250,360,1059,1245,800,510,4490,2170,1125,475,280,195,655,2665,0,15,335,125,180,185,255,225,155,85,105,120,170,225,260,250,160,95,105,1615,4770,1735
933,9330143.01,143.01,3893,5645,57299,4465,5605,730,290,100,65,40,185,1570,95,90,175,140,185,135,140,105,110,90,305,1570,343889,1310,265,1097,1570,835,615,5400,2780,1600,545,295,245,1055,2880,0,20,25,140,105,170,295,340,215,110,85,135,140,230,380,330,180,115,70,1570,5640,3355
933,9330143.02,143.02,3894,4460,38770,3530,4310,840,450,180,85,95,270,1500,145,340,135,150,80,115,110,110,125,40,150,1500,397676,890,610,662,1110,795,535,4145,2235,1300,435,265,170,865,2050,0,20,135,105,130,120,170,190,130,110,95,110,155,140,210,195,155,110,95,1500,4350,2095
933,9330143.03,143.03,3895,4526,44460,3635,4470,690,250,130,85,45,115,1495,140,180,165,165,185,75,120,120,30,115,190,1495,414350,1105,390,976,1350,660,535,4290,2395,1330,395,260,130,935,2120,0,10,235,120,105,135,185,230,160,105,90,125,140,195,220,235,165,100,85,1495,4525,2335
933,9330149.01,149.01,3896,8057,44648,6530,7945,1850,810,410,290,115,400,2655,300,265,305,305,265,295,220,150,100,95,355,2655,352578,1900,755,878,2005,1215,1035,7630,4740,2905,935,550,390,1975,4095,0,50,250,305,250,305,355,385,240,185,140,290,325,395,425,365,245,160,140,2655,8040,4630
933,9330149.02,149.02,3897,4881,59891,3935,4830,750,400,180,160,10,225,1470,115,95,90,125,175,130,195,120,90,75,250,1470,353330,1165,305,1072,1270,830,570,4605,2540,1540,585,410,175,955,2610,0,30,60,140,180,195,240,225,165,115,95,160,185,215,275,240,155,130,65,1465,4880,2605
933,9330160.03,160.03,3898,5888,63791,4645,5735,580,240,160,130,25,85,2130,30,300,140,185,180,130,165,215,165,150,455,2130,322794,1735,395,731,1530,960,580,5505,2010,945,730,485,250,215,3155,0,20,75,95,125,200,210,235,225,175,145,95,150,210,255,260,220,175,135,2130,5780,395
933,9330160.04,160.04,3899,3647,57917,3020,3585,580,225,180,150,25,40,1475,25,190,95,120,205,135,150,130,95,55,260,1475,303808,1110,365,810,950,560,405,3445,1870,1030,910,690,220,115,2090,0,10,60,125,105,115,130,180,120,125,70,100,120,135,155,150,150,110,90,1475,3640,265
933,9330161.01,161.01,3900,4099,61034,3170,3900,415,290,250,155,95,40,1385,60,135,80,120,120,160,160,100,120,65,260,1380,319719,1070,310,800,775,775,450,3685,1650,1030,875,610,265,155,2370,0,210,95,90,135,205,170,165,145,125,105,125,150,175,160,155,135,120,100,1385,3950,595
933,9330161.02,161.02,3901,5573,52382,4405,5440,810,245,210,195,15,40,2170,105,335,150,215,200,235,200,285,90,95,250,2165,252974,1415,755,674,985,905,710,5155,2540,1140,1035,890,145,105,3280,0,95,230,185,245,245,240,215,180,145,70,185,285,255,220,230,185,135,110,2165,5540,575
933,9330161.03,161.03,3902,5363,60371,4015,5210,815,260,225,205,20,35,1800,45,130,145,180,180,205,190,180,105,110,320,1800,267906,1435,370,875,975,845,645,4850,2270,1080,950,780,175,130,2950,0,35,50,145,195,225,230,185,175,110,95,130,215,270,245,230,170,110,115,1800,5260,745
933,9330161.04,161.04,3903,8473,59403,6410,8245,1075,510,450,400,50,60,2865,75,205,295,255,285,335,310,220,235,220,430,2865,279634,2320,540,848,1500,1345,1100,7720,3940,2055,1840,1555,280,215,5100,0,45,155,235,330,360,365,345,275,190,155,275,390,435,390,350,255,185,130,2860,8390,1055
933,9330162.01,162.01,3904,5860,68127,4470,5715,810,500,410,295,115,95,1740,60,80,120,135,160,210,135,125,160,125,420,1735,273697,1430,305,976,1445,895,670,5410,2350,1540,1150,845,305,395,3465,0,0,55,115,145,235,285,345,205,140,70,135,180,285,320,350,175,125,70,1740,5750,1165
933,9330162.02,162.02,3905,6430,68539,4960,6350,775,375,360,270,85,15,1835,25,65,95,145,190,210,215,280,190,125,295,1835,259606,1580,250,1015,1130,1170,880,6035,2460,1355,1235,1020,210,120,3860,0,0,30,170,225,235,255,365,260,155,95,170,220,290,280,350,250,110,80,1835,6425,1050
933,9330162.03,162.03,3906,6405,49228,4920,6280,1250,825,660,500,160,165,1935,70,265,215,210,215,175,240,150,125,120,140,1935,229468,1355,580,754,820,1330,810,5895,3090,2220,1550,1180,375,665,3495,0,20,130,265,305,265,245,230,180,140,100,265,290,270,240,225,175,115,105,1935,6395,2365
933,9330183.01,183.01,3907,5105,56566,3635,5015,740,310,305,270,35,0,1590,90,120,100,190,125,240,260,125,155,70,110,1590,226342,1345,245,780,515,890,570,4630,2300,845,805,715,95,40,2720,0,90,160,140,265,300,225,170,130,80,60,170,280,295,230,150,100,80,65,1595,5100,440
933,9330183.02,183.02,3908,12230,59934,9295,12055,2205,1215,1105,1025,90,105,3915,90,235,415,330,460,435,455,455,340,225,480,3915,273512,3440,475,996,1830,2240,1410,11280,6905,3475,3185,2545,640,295,6915,0,145,220,385,440,565,540,525,345,295,220,395,540,600,550,525,350,270,200,3915,12210,1190
933,9330184.01,184.01,3909,3192,52126,2545,3125,600,265,240,210,30,25,1045,55,110,105,105,105,135,110,65,70,75,115,1045,329572,730,320,895,605,585,425,2965,1445,730,595,500,100,130,1700,0,40,150,125,125,140,145,130,120,95,60,105,145,130,115,135,120,75,60,1045,3165,550
933,9330184.02,184.02,3910,6439,38594,5040,6315,1430,635,585,485,100,55,2585,140,350,420,405,315,375,215,115,115,45,85,2590,113922,1910,680,778,795,1345,670,5875,3995,1880,1500,1095,400,385,3455,0,0,75,285,340,275,220,180,145,130,105,310,320,290,210,200,155,135,110,2590,6440,1155
933,9330185.03,185.03,3911,14975,46500,10945,14630,3475,1605,1100,775,320,510,3920,245,485,510,375,535,325,425,295,230,110,375,3915,233698,2620,1295,662,2330,2680,1805,13405,9080,5210,3125,2365,760,2080,7410,0,30,160,730,740,660,530,395,335,290,235,690,685,635,490,400,330,310,245,3915,14940,9610
933,9330186.04,186.04,3912,8983,48725,6660,8795,1925,710,500,410,90,210,2700,205,295,295,310,300,350,295,240,180,50,175,2695,203178,1695,1000,725,995,1975,895,8060,4515,2490,1635,990,650,855,4755,0,50,255,405,490,415,320,290,205,175,120,440,455,375,355,290,225,170,135,2695,8985,3965
933,9330189.01,189.01,3913,9330,38495,7685,9185,2380,895,770,525,245,125,3880,285,545,635,590,445,430,345,235,125,75,175,3880,175836,2465,1420,699,1845,1805,1075,8685,5990,3020,2400,1545,855,620,4770,0,10,125,415,425,405,345,300,225,190,180,435,430,355,365,325,245,200,210,3880,9320,2790
933,9330189.02,189.02,3914,7727,31222,5830,7500,2740,1080,880,555,325,200,3185,310,675,545,480,440,310,185,115,65,20,30,3185,132007,1160,2020,687,1050,1515,890,6865,5575,3170,2410,1530,880,755,3870,0,15,120,470,430,395,240,215,145,115,100,505,475,370,250,210,155,105,80,3185,7725,1960
933,9330189.03,189.03,3915,3117,52324,2395,3050,460,160,155,155,0,0,1050,50,40,135,105,140,155,110,100,65,30,120,1055,204716,880,170,916,345,600,320,2845,1240,520,480,400,75,40,1780,0,30,245,135,175,175,100,95,85,70,60,125,170,160,100,95,95,60,70,1055,3105,295
933,9330226.01,226.01,3916,6639,26974,6075,6600,1965,1160,590,370,220,565,3505,550,805,605,510,320,310,115,85,75,35,90,3505,219315,1175,2330,740,1910,1300,815,6465,4995,3555,1355,895,460,2200,2875,0,105,265,355,360,295,215,175,135,120,135,380,345,260,190,220,190,150,150,3505,6640,3065
933,9330226.02,226.02,3917,3463,46911,2885,3410,555,290,210,175,40,75,1210,70,175,140,160,95,140,115,85,65,60,100,1210,390785,725,480,743,910,465,425,3255,1435,965,480,310,170,485,1770,0,125,345,170,160,125,120,125,105,90,95,145,140,120,145,135,105,100,75,1210,3440,1260
933,9330228.01,228.01,3918,7807,31316,6900,7585,2270,1290,860,635,225,430,3975,480,780,655,635,470,325,190,175,85,70,110,3975,215221,1545,2430,712,2050,1375,770,7385,4810,3470,2120,1405,720,1350,4105,0,130,290,465,400,310,275,225,170,155,165,440,375,295,260,260,190,205,180,3975,7640,3055
933,9330228.02,228.02,3919,3283,49487,2695,3250,440,270,185,165,20,85,1075,55,90,105,150,160,145,60,95,65,35,120,1070,362261,740,335,868,740,580,370,3085,1280,890,525,430,90,365,1820,0,105,505,110,155,135,155,105,110,75,50,110,105,170,140,125,95,70,70,1075,3275,1460
933,9330230.01,230.01,3920,5054,61680,4115,5005,1075,570,390,325,60,180,1710,45,115,180,130,150,195,215,130,95,130,330,1705,355803,1495,215,822,1700,585,545,4795,2425,1520,830,675,155,690,2985,0,45,190,140,155,205,215,215,195,145,100,145,200,250,235,290,190,150,120,1710,5050,1975
933,9330230.02,230.02,3921,3882,34705,3215,3770,755,375,285,250,35,90,1520,220,345,145,125,105,135,90,115,85,35,125,1525,346870,550,975,598,765,730,480,3620,1970,1250,845,575,265,400,2010,0,60,205,180,165,175,135,125,105,105,100,145,160,145,135,135,90,80,80,1525,3820,1680
933,9330235.01,235.01,3922,8360,34124,7510,8230,2330,1215,930,805,125,290,4355,415,765,700,625,580,430,260,210,155,90,130,4355,136367,1835,2525,738,2350,1595,830,7950,5710,3535,2825,2095,730,710,5140,0,15,40,635,525,385,365,230,190,180,185,575,450,320,245,285,230,210,185,4355,8360,2450
933,9330235.02,235.02,3923,4206,54382,3280,4165,700,375,320,245,75,55,1515,40,105,160,180,210,150,135,180,145,40,165,1520,212561,1170,345,847,1005,535,405,3890,2255,1150,910,645,265,235,2590,0,20,210,185,225,235,210,135,100,70,60,165,255,235,215,160,115,75,70,1520,4205,1395
933,9330238.01,238.01,3924,2736,48262,2215,2715,300,160,125,120,10,35,885,45,100,105,100,110,85,55,80,30,35,150,890,344513,745,140,962,775,375,230,2620,1035,630,285,245,45,345,1465,0,10,330,110,70,100,100,120,80,80,85,85,85,115,120,110,90,100,65,885,2730,1410
933,9330238.02,238.02,3925,6943,46177,5670,6770,1265,790,455,330,125,330,2220,245,250,230,240,265,235,130,115,125,100,285,2220,417008,1400,825,823,1615,1180,820,6550,3470,2275,1115,695,420,1160,3485,0,80,525,265,240,235,260,295,185,175,150,230,245,275,325,280,145,170,170,2220,6835,2975
933,9330281.01,281.01,3926,6127,66694,4865,6075,915,500,375,375,0,125,1895,60,120,110,195,140,245,150,175,185,125,395,1895,310743,1550,345,987,1370,1090,770,5780,2500,1480,1045,855,185,435,3745,0,10,80,205,195,245,295,290,250,155,100,210,215,310,315,335,190,135,95,1895,6125,1700
933,9330281.02,281.02,3927,5931,51531,4745,5845,1070,520,495,400,100,20,2190,110,235,245,205,260,240,310,155,125,75,230,2195,219963,1665,530,850,1055,1080,720,5545,2615,1340,1175,935,235,165,3490,0,90,450,240,310,250,260,215,155,155,130,260,275,290,260,200,160,165,125,2195,5915,1080
933,9330285.01,285.01,3928,3067,32660,2655,3015,915,540,410,235,170,125,1705,190,385,205,295,205,190,100,55,30,0,40,1705,222506,475,1230,619,610,660,260,2895,2045,1280,970,570,395,315,1865,0,30,160,195,220,180,145,105,70,50,45,195,190,140,120,105,90,60,45,1705,3060,525
933,9330285.02,285.02,3929,5489,56199,4175,5265,695,315,260,210,45,60,1720,70,195,140,200,155,180,165,110,115,120,275,1720,329202,1365,355,928,1090,950,635,5025,1685,895,570,430,140,325,2975,0,55,410,175,205,210,215,225,190,145,135,150,180,260,230,220,175,150,110,1720,5300,1090
933,9330286.03,286.03,3930,4243,72377,3375,4190,475,260,185,130,50,70,1365,40,55,110,105,140,110,95,150,80,125,355,1360,297245,1235,130,909,1200,650,505,4005,1270,765,570,355,220,200,2535,0,10,170,125,140,160,190,195,160,135,105,105,155,165,205,200,165,120,95,1365,4235,590
933,9330287.01,287.01,3931,6708,48093,4805,6565,1700,730,525,430,95,205,2150,125,230,260,285,230,245,265,120,155,70,165,2150,219749,1410,740,902,1075,970,805,6095,3730,2310,1505,1170,335,805,3440,0,0,30,220,305,405,330,235,130,85,70,225,380,410,355,210,135,90,65,2150,6700,2280
933,9330287.02,287.02,3932,3666,64686,2645,3595,560,295,290,205,90,0,1140,45,45,70,85,90,190,120,100,115,100,175,1140,299449,980,160,898,670,510,395,3320,1865,1040,985,845,140,60,2070,0,20,75,90,165,235,180,140,100,70,65,105,210,220,170,125,90,65,60,1140,3660,490
933,9330290.01,290.01,3933,9351,70390,7055,9240,1340,725,560,480,80,165,2940,80,150,150,180,265,350,275,380,360,185,550,2940,276244,2570,370,958,1955,1350,1060,8595,5600,3490,2795,2275,515,700,5605,0,50,20,305,400,515,465,410,310,200,150,290,495,550,450,370,280,195,145,2940,9350,2220
933,9330290.02,290.02,3934,5193,36036,4065,4780,1390,785,730,685,50,55,2440,230,465,280,350,295,215,205,150,85,70,90,2440,139584,1570,870,590,730,845,660,4555,3540,2305,2015,1665,345,290,2915,0,25,145,320,350,230,180,130,85,70,60,360,325,240,185,160,95,75,80,2440,4890,615
933,9330291.01,291.01,3935,6287,41255,4865,6155,1330,800,765,700,65,35,2350,180,375,300,290,285,250,215,120,105,85,150,2350,199751,1400,950,708,700,1240,810,5740,3325,2120,1790,1440,345,330,3465,0,115,320,285,360,355,255,205,155,115,115,300,350,285,265,210,160,125,105,2355,6240,985
933,9330291.02,291.02,3936,7388,54713,5570,7240,1340,875,720,630,85,160,2430,160,170,195,245,290,335,260,245,180,110,230,2425,229241,1695,735,838,925,1495,850,6770,3575,2030,1705,1455,250,325,4115,0,35,215,275,335,395,325,305,170,135,95,295,355,400,360,250,190,125,115,2430,7385,1015
933,9330402.01,402.01,3937,7312,41782,5445,7175,1600,770,745,680,60,30,2680,210,460,295,285,305,280,295,205,145,75,125,2680,197597,1765,910,686,840,1480,815,6665,4075,2005,1845,1495,355,160,3560,0,85,175,235,345,375,310,225,155,130,120,240,385,385,275,195,170,125,125,2680,7250,580
933,9330402.02,402.02,3938,4785,52799,3590,4705,770,410,355,305,50,55,1620,55,165,170,135,225,215,245,105,110,45,140,1620,219766,1330,285,848,680,900,615,4400,2210,1145,895,680,215,250,2490,0,70,180,125,195,230,230,175,125,95,85,140,200,245,240,165,115,85,80,1615,4750,440
933,9330403.01,403.01,3939,5405,47827,3890,5155,955,340,325,285,35,15,1785,90,175,220,195,260,195,180,185,95,50,130,1785,189601,1375,405,776,635,975,690,4810,2605,1345,1295,1050,245,50,2790,0,65,130,150,240,255,200,220,135,90,80,165,255,265,215,190,125,105,80,1785,5230,355
933,9330403.02,403.02,3940,8339,56603,6145,8240,1270,495,425,400,30,65,2685,155,190,240,250,310,305,365,220,200,130,325,2685,239704,2285,405,868,1175,1405,1020,7705,4240,2035,1895,1560,335,135,4520,0,90,315,190,355,445,405,335,200,145,135,265,395,465,395,305,165,155,130,2685,8340,590
933,9330502.01,502.01,3941,2213,65872,1680,2255,265,170,170,170,0,0,710,10,45,55,45,90,45,105,105,50,50,110,710,212173,660,50,1188,285,420,275,2065,765,435,425,360,65,10,1320,0,30,20,45,90,100,110,110,75,35,30,50,90,115,100,110,60,35,20,710,2260,45
933,9330502.02,502.02,3942,4065,45982,3340,4035,470,245,225,200,30,20,1565,55,220,215,210,120,135,160,110,85,70,185,1565,250907,1355,210,749,505,1130,550,3890,1405,740,705,570,130,40,2090,0,70,125,85,130,130,170,175,120,120,90,70,115,140,165,185,135,105,115,1565,4065,60
933,9330503.01,503.01,3943,2981,64352,2225,2885,330,200,190,145,45,10,905,0,75,70,45,70,120,135,95,95,85,115,905,231475,795,105,1146,440,620,400,2720,1060,640,600,395,205,40,1755,0,55,15,75,105,125,125,150,100,65,40,80,115,130,155,160,85,45,30,905,2920,75
933,9330503.02,503.02,3944,11021,28469,9145,10705,3905,2060,1970,1665,305,90,5515,470,1580,830,780,705,405,300,180,85,75,105,5520,146652,2395,3125,638,1505,2680,1225,10080,7420,4570,4240,3360,880,330,5490,0,65,210,565,525,390,315,275,215,190,150,560,470,345,345,335,225,225,245,5520,10880,720
933,9330010.01,10.01,4264,4408,44433,3770,4330,1065,535,145,100,45,390,1650,145,285,135,160,170,130,140,65,55,60,305,1650,761142,945,705,945,1790,535,425,4230,2170,1275,360,250,110,915,1825,0,220,290,125,100,95,130,165,130,105,110,120,105,130,195,220,140,105,90,1650,4345,2575
933,9330010.02,10.02,4265,4339,44224,3790,4305,535,335,150,85,65,185,1515,145,195,155,170,165,95,140,70,35,45,300,1520,882056,815,700,1178,1595,830,535,4220,2030,1240,305,120,185,935,1875,0,95,380,110,85,80,140,190,130,110,95,125,105,140,195,220,145,110,110,1515,4325,2660
933,9330017.01,17.01,4266,5747,40271,4750,5655,940,240,175,130,50,65,1660,140,235,240,200,200,135,90,95,95,25,200,1660,369386,1175,485,818,1020,1055,700,5430,2330,1300,465,260,205,835,2960,0,250,470,225,230,235,205,200,130,140,150,250,235,250,240,205,150,160,145,1660,5745,3985
933,9330017.02,17.02,4267,5495,42767,4455,5345,840,230,110,55,55,120,1645,145,205,200,240,165,220,115,130,45,65,120,1645,304944,1110,530,705,915,1225,595,5080,2415,1135,270,110,160,860,2815,0,300,365,245,285,215,210,180,110,125,135,235,260,235,205,210,120,160,145,1645,5445,3825
933,9330031.01,31.01,4268,5460,39538,4675,5380,1295,505,385,210,175,120,2305,135,400,280,350,245,170,140,120,145,55,260,2305,399415,1015,1295,771,2130,705,340,5155,2925,1480,915,320,595,565,3330,0,1110,610,360,325,275,220,205,115,90,75,350,350,315,235,220,135,110,85,2310,5455,1750
933,9330031.02,31.02,4269,4468,43269,3750,4415,905,190,100,70,30,95,1500,155,250,120,170,200,210,85,100,60,20,135,1500,322419,805,695,687,1090,650,515,4195,2245,895,460,180,280,430,2530,0,500,215,250,260,220,170,160,115,80,85,225,230,230,195,160,90,85,95,1500,4465,2795
933,9330034.01,34.01,4270,4526,34832,3765,4445,615,190,135,90,45,50,1400,115,270,230,145,150,140,100,65,45,50,75,1400,356466,795,605,733,620,830,450,4225,2180,985,400,175,225,590,2445,0,350,335,230,205,205,165,130,95,105,115,230,200,195,160,150,130,120,130,1400,4500,2820
933,9330034.02,34.02,4271,6297,39017,5035,6095,820,270,200,160,35,75,1940,180,330,295,180,255,200,145,125,70,40,120,1940,335999,1000,940,740,1040,1135,690,5770,2810,1275,500,225,270,780,3280,0,560,445,335,315,250,230,200,145,135,145,305,280,245,230,200,170,155,145,1940,6185,3690
933,9330045.01,45.01,4272,4191,48090,3790,4110,1180,420,315,125,185,105,2100,100,215,260,245,250,180,155,150,80,75,390,2100,537890,845,1255,894,2435,380,245,4015,2420,1275,1095,415,675,180,3160,0,1155,395,345,290,220,175,165,135,75,70,385,320,195,185,175,130,85,60,2100,4145,300
933,9330045.02,45.02,4273,5081,45191,4525,4995,1555,495,355,190,165,140,2415,145,265,250,360,285,200,230,145,125,80,320,2415,387031,890,1520,877,2790,370,280,4825,3140,1620,1285,395,890,335,3665,0,1040,420,470,360,250,230,210,110,60,50,510,325,245,240,180,100,80,45,2415,5060,540
933,9330055.01,55.01,4274,5349,28642,4515,5235,1520,415,325,190,130,90,2350,425,465,355,435,165,190,55,80,100,25,60,2350,214569,865,1490,607,1035,1175,490,4960,3260,1210,790,300,490,415,2705,0,630,385,300,355,330,230,155,115,110,120,265,300,275,220,140,125,100,120,2350,5350,2440
933,9330055.02,55.02,4275,4492,27529,3890,4420,1310,435,375,235,140,60,2350,405,470,385,395,305,160,85,25,25,45,50,2345,183154,800,1550,585,890,940,430,4200,2900,1195,765,300,460,430,2495,0,290,295,240,305,260,225,205,125,105,105,215,315,255,210,165,105,120,70,2350,4495,1760
933,9330142.03,142.03,4276,6250,45537,4980,6180,1235,465,255,140,120,205,2165,145,275,270,240,280,180,170,140,85,125,250,2165,312645,1540,625,911,1495,1010,720,5915,2930,1585,755,420,335,830,3125,0,0,335,180,190,230,285,275,165,135,135,150,205,275,305,270,175,140,135,2165,6250,2095
933,9330143.04,143.04,4277,5414,48108,4410,5345,650,350,55,20,30,300,1580,115,200,120,195,180,90,135,145,70,90,230,1575,444542,1320,260,1040,1470,905,700,5185,2800,1815,305,195,110,1505,2480,0,20,105,130,120,170,220,315,205,130,95,125,145,225,325,330,170,120,90,1575,5410,3065
933,9330149.03,149.03,4278,4560,59751,3700,4525,850,470,280,210,75,185,1355,115,110,140,120,85,105,105,110,100,55,300,1355,458831,1160,195,946,1180,805,480,4350,2745,1535,635,405,235,900,2410,0,35,100,130,125,145,170,240,180,150,95,120,140,195,255,250,160,115,95,1355,4560,2295
933,9330151.01,151.01,4279,6977,37608,5675,6900,1290,695,385,270,120,310,2170,235,290,305,330,200,150,150,195,95,50,155,2165,344646,1505,660,949,1735,1315,920,6570,4805,3325,960,640,325,2365,3385,0,110,225,290,345,280,295,320,185,150,125,315,305,320,340,280,165,135,165,2165,6980,4785
933,9330151.02,151.02,4280,9546,45653,7490,9300,1870,885,475,395,75,410,2795,310,295,285,310,285,300,280,215,165,130,215,2795,325644,2090,700,883,2135,1585,1025,8760,5615,3690,1440,1015,430,2250,4940,0,115,230,430,415,445,405,360,230,205,210,445,480,445,430,320,250,210,165,2795,9450,6655
933,9330162.04,162.04,4281,6284,77809,4895,6245,380,245,100,100,0,145,1830,80,80,75,95,125,165,175,145,100,135,655,1830,336004,1740,90,1309,1860,970,610,6025,2155,1320,780,515,270,540,3650,0,10,60,105,95,210,320,395,295,165,105,95,130,285,385,395,240,130,85,1830,6275,1345
933,9330163.04,163.04,4282,5440,66031,4200,5355,620,315,290,230,60,20,1700,35,95,145,195,110,130,240,200,155,130,265,1700,252866,1390,310,862,955,935,625,5040,1825,1180,1035,730,310,140,3285,0,65,215,170,230,255,225,240,185,140,100,170,215,265,250,245,165,110,95,1705,5440,710
933,9330181.04,181.04,4283,5249,55235,4340,5210,915,395,370,285,85,20,2035,110,235,160,220,165,195,145,130,55,75,550,2040,351283,1670,370,644,1415,915,520,5010,3240,1735,1470,1180,290,260,2630,0,35,135,95,105,145,200,245,195,175,155,105,125,190,255,245,195,190,140,2035,5240,390
933,9330181.03,181.03,4284,5119,63647,3955,5025,880,480,340,270,65,140,1805,80,215,110,140,130,190,140,155,110,105,430,1805,444533,1390,415,722,1755,595,415,4830,2195,1050,855,695,160,200,2840,0,205,255,80,120,155,220,275,235,120,105,65,150,215,280,290,170,130,115,1805,5110,220
933,9330183.03,183.03,4285,5745,39835,4360,5560,1015,460,420,350,65,45,2135,105,435,305,225,265,175,180,145,105,85,105,2140,206916,1435,700,635,660,1425,580,5205,2690,1305,1150,905,245,155,2900,0,85,210,155,235,275,245,195,140,110,90,195,230,285,250,185,130,95,95,2135,5655,385
933,9330184.03,184.03,4286,8747,48107,6450,8380,1545,515,460,370,85,50,2805,155,340,340,280,375,330,295,170,180,130,215,2800,225193,1920,885,702,1170,1690,925,7740,4815,2210,1715,1325,395,495,4415,0,30,130,365,435,420,300,230,205,155,155,395,455,395,305,270,210,175,155,2805,8595,2220
933,9330184.04,184.04,4287,7893,54723,5765,7745,1400,485,350,245,100,135,2185,120,170,195,200,260,280,190,165,120,165,310,2185,305368,1680,505,734,1130,1585,940,7205,4245,1880,1265,825,445,615,4215,0,30,155,290,350,350,350,330,205,145,105,270,330,380,375,260,180,135,105,2185,7890,2875
933,9330185.04,185.04,4288,8135,43514,5980,7930,1870,685,490,375,110,195,2355,140,305,260,350,325,240,190,185,195,75,85,2360,204429,1560,795,775,1050,1765,895,7205,4510,2245,1315,995,315,935,4375,0,15,220,385,480,430,315,180,185,170,125,420,435,365,245,190,175,175,135,2355,8135,4360
933,9330187.01,187.01,4289,7502,44770,5410,7045,1345,420,270,230,45,145,1925,150,205,285,235,185,200,195,140,125,65,145,1930,254329,1170,755,696,1020,1640,710,6425,4175,2100,1230,870,365,870,3690,0,15,75,390,400,290,210,225,165,150,130,360,340,265,220,210,195,150,125,1930,7205,4615
933,9330187.02,187.02,4290,19736,53432,15140,19475,3510,1245,1025,745,275,225,6180,225,655,620,670,675,615,600,575,400,375,760,6180,239040,5140,1045,810,2990,4005,2275,18270,12055,4975,3630,3010,615,1350,10485,0,80,265,655,765,905,890,715,525,445,350,725,845,970,890,760,530,415,370,6180,19705,6185
933,9330260.03,260.03,4291,9494,67792,7245,9280,1605,1020,865,835,30,150,3120,100,110,200,185,310,405,320,320,275,230,660,3120,290039,2780,340,953,2455,1185,1105,8670,5535,4070,3345,2800,545,715,5745,0,65,75,315,415,460,455,445,295,220,135,350,465,560,495,435,300,180,115,3120,9415,1620
933,9330501.01,501.01,4292,4122,36359,3185,3775,710,430,365,335,30,65,1605,120,290,270,185,155,210,95,75,40,60,85,1605,208415,1145,460,726,570,950,455,3535,1930,1150,1055,910,145,95,1930,0,105,115,145,135,125,105,115,130,80,100,135,135,135,110,140,130,100,115,1600,3840,215
933,9330501.02,501.02,4293,5611,63092,4460,5520,595,375,365,350,15,10,1800,40,130,105,185,160,160,245,180,115,125,350,1795,306733,1560,240,676,945,1190,590,5330,2060,1180,1130,1025,105,55,3325,0,85,120,105,150,205,265,275,265,170,115,110,145,260,280,295,245,135,95,1795,5565,200
933,9330501.03,501.03,4294,3403,52039,2475,3360,445,325,300,210,90,20,1035,30,80,125,130,105,140,95,90,110,45,85,1030,288856,800,230,660,270,910,320,3125,1230,750,715,550,170,40,1890,0,45,125,90,140,160,170,125,100,65,50,90,130,185,155,135,65,60,45,1030,3405,170
933,9330502.03,502.03,4295,5265,59847,3940,5195,510,280,265,240,25,15,1605,45,70,135,165,205,180,210,170,150,105,175,1610,241170,1455,155,940,775,1020,555,4895,2020,1260,1205,1010,200,55,3000,0,20,75,130,200,250,255,235,185,110,65,140,220,260,255,255,170,80,50,1610,5250,185
933,9330502.04,502.04,4296,8263,56553,6225,8090,1435,630,560,475,85,70,2720,45,200,290,245,365,355,330,195,195,165,345,2720,253312,2375,345,808,1380,1425,965,7610,5615,2840,2560,2080,485,275,4555,0,55,80,235,305,365,335,295,280,160,150,240,380,365,340,355,250,175,165,2720,8205,490
933,9330502.05,502.05,4297,2580,54570,2020,2540,310,200,175,175,0,25,885,50,60,70,105,100,90,100,60,70,50,125,880,414950,635,245,569,435,545,370,2415,890,550,540,495,40,10,1445,0,95,125,80,85,105,115,110,115,70,50,85,100,105,120,120,100,55,55,880,2575,70
933,9330503.03,503.03,4298,5748,59352,4280,5640,740,360,350,315,30,10,1810,65,115,195,135,155,255,255,185,145,130,165,1810,222175,1580,230,946,755,1055,680,5300,2350,1430,1315,1075,245,110,3375,0,10,35,175,240,270,230,250,185,105,65,195,285,275,235,250,165,85,65,1810,5740,370
933,9330504.01,504.01,4299,7420,56159,5605,7345,845,440,385,350,35,55,2430,85,235,260,215,245,315,320,180,190,75,315,2430,343276,1880,550,878,1095,1415,760,6890,3340,2140,1905,1540,365,230,4055,0,225,130,235,305,315,300,300,215,165,130,250,315,350,325,280,200,150,110,2435,7415,755
933,9330504.02,504.02,4300,5684,62181,4235,5595,1535,1005,890,615,275,115,1890,55,125,140,110,210,235,245,185,160,125,300,1890,241601,1730,155,789,1025,925,640,5190,4010,2525,2190,1705,485,335,2905,0,0,30,125,220,280,275,190,165,140,135,165,275,310,250,200,175,145,125,1895,5680,440
933,9330251,251,4588,168,0,100,145,20,20,20,20,0,0,0,0,0,0,0,0,0,0,0,0,0,0,45,74976,25,20,369,0,45,10,125,65,35,30,30,0,0,0,10,15,0,0,5,15,5,5,5,0,0,5,10,10,5,5,5,5,5,50,140,0
933,9330243.01,243.01,4870,5883,46924,4840,5805,1030,475,270,245,25,205,1955,100,220,220,270,225,205,150,130,100,90,240,1950,428995,1175,780,827,1550,985,655,5610,2520,1550,695,465,225,860,3200,0,65,250,255,235,225,230,255,160,145,135,235,240,250,265,265,150,135,130,1950,5880,2250
933,9330243.02,243.02,4871,6411,54125,4835,6320,1255,635,465,305,155,175,2025,125,195,155,265,195,200,235,130,110,70,340,2030,360248,1105,925,753,2285,665,495,5935,3605,2310,1320,890,430,990,3595,0,15,20,215,275,315,285,250,160,95,60,265,340,370,360,290,145,95,80,2030,6415,2455
933,9330190.03,190.03,4872,4632,38202,3515,4520,1240,385,365,290,75,20,1640,170,250,185,250,255,205,140,90,20,50,15,1640,173271,725,915,839,370,1135,445,4185,2895,1380,1120,750,365,255,2325,0,105,310,230,275,235,180,145,80,85,90,225,225,200,165,125,105,85,65,1640,4610,880
933,9330002.01,2.01,4873,4874,47212,4065,4810,1080,335,255,140,115,80,1900,95,250,215,245,205,240,175,110,105,95,170,1900,366773,1070,830,763,1535,685,435,4610,2845,1270,790,450,340,480,2640,0,30,215,270,240,210,175,190,125,100,135,225,255,255,210,180,125,110,100,1900,4860,2430
933,9330002.02,2.02,4874,7206,44872,5725,6880,1370,460,220,110,110,240,2265,160,320,330,220,220,215,150,125,165,80,270,2265,423996,1565,695,804,1680,1040,865,6590,4175,1965,735,415,320,1230,3625,0,130,415,260,285,260,300,295,220,160,130,310,285,325,320,335,175,150,130,2265,6955,4265
933,9330181.05,181.05,4875,6388,44810,5195,6090,1085,480,420,370,45,60,2685,75,365,460,310,340,280,280,205,135,75,165,2685,196114,2100,585,1203,965,1260,680,5855,2930,1400,1270,1030,235,130,2950,0,70,260,150,190,175,225,205,160,120,110,155,185,205,255,250,155,130,135,2685,6185,325
933,9330181.06,181.06,4876,4850,49381,4070,4755,665,295,285,230,55,10,1965,80,265,255,165,225,170,140,125,125,90,325,1965,223975,1765,195,953,990,995,575,4585,1945,880,825,640,180,60,2205,0,35,110,80,105,165,190,175,150,140,150,70,120,170,205,200,130,140,170,1965,4805,215
933,9330292.01,292.01,4877,5762,67880,4230,5695,610,340,300,225,75,45,1735,65,70,80,85,170,165,270,255,170,150,250,1735,231076,1510,225,918,1065,885,675,5300,2305,1380,1210,860,345,170,3390,0,25,20,165,230,325,275,285,165,100,70,150,280,350,310,250,135,85,65,1735,5765,905
933,9330292.02,292.02,4878,6771,53365,4990,6615,1400,810,730,705,25,75,2095,155,140,180,280,220,245,265,195,140,95,180,2095,254804,1560,535,859,830,1135,845,6175,3550,2290,1645,1225,415,640,3575,0,20,125,220,295,355,355,255,185,125,90,235,355,375,305,250,180,120,90,2095,6760,1355
933,9330403.03,403.03,4879,5305,48639,3740,5180,975,595,560,530,30,35,1780,50,205,185,260,240,195,240,155,100,70,70,1780,189239,1400,360,778,580,730,690,4760,2450,1525,1355,1215,145,165,2810,20,160,155,175,295,295,250,180,95,70,80,215,310,335,230,140,85,75,70,1775,5305,570
933,9330504.03,504.03,4880,6041,66107,4220,5930,1070,590,555,525,30,30,1805,50,65,90,145,180,195,240,260,240,125,205,1805,241159,1525,285,910,1045,780,645,5440,3060,2050,1945,1610,335,100,3615,0,20,35,170,310,370,310,210,140,60,35,235,360,370,300,190,105,50,40,1805,6040,320
933,9330504.04,504.04,4881,5947,59708,4575,5875,1020,675,650,580,65,30,2150,50,140,195,115,325,255,275,235,140,145,270,2150,211818,2070,75,1161,1245,960,735,5500,3845,2680,2515,2060,460,160,3360,0,0,10,155,260,250,215,250,140,130,145,185,270,300,275,230,165,150,155,2145,5950,340
933,9330290.03,290.03,4882,5930,56804,4405,5865,980,530,505,460,45,25,1940,95,120,150,185,220,280,270,200,150,110,170,1940,220926,1550,390,778,995,855,785,5410,3015,1910,1705,1375,325,205,3425,0,40,160,230,290,330,255,180,165,105,75,255,335,350,235,185,160,115,75,1940,5930,845
933,9330147.01,147.01,4883,2252,56715,1845,2205,375,175,115,75,40,50,670,40,45,70,40,70,120,55,45,30,20,130,670,494058,475,205,1001,480,425,370,2125,920,335,205,100,105,125,1290,0,65,145,85,95,80,90,105,85,70,55,75,65,90,90,115,85,45,45,675,2245,965
933,9330147.02,147.02,4884,7445,35150,6475,7305,2100,1120,675,465,215,440,3565,405,540,530,595,555,325,210,195,70,50,85,3565,163835,1805,1760,768,1960,1250,735,7025,5125,3445,1705,1005,695,1740,4195,0,0,135,400,420,430,285,255,120,125,120,450,480,395,285,255,185,180,180,3565,7445,3465
933,9330147.03,147.03,4885,14303,37396,12240,14080,3260,1540,890,615,280,650,6385,550,955,865,1020,885,620,465,395,275,140,215,6380,186572,4090,2290,895,3910,2235,1650,13480,10465,6425,2815,1730,1085,3610,7845,0,30,45,620,770,690,550,450,295,235,290,725,890,760,635,580,430,360,335,6385,14265,7465
933,9330287.03,287.03,4886,17165,45884,13630,16810,4115,2215,1440,1155,295,770,6345,540,975,570,680,565,590,495,530,355,270,770,6345,265142,4885,1460,729,4465,2520,1845,15915,12315,7970,4625,3715,915,3340,8890,0,20,10,650,755,775,750,715,450,305,300,755,835,940,830,720,390,390,340,6345,17030,7420
933,9330287.04,287.04,4887,7368,63373,5545,7285,1570,705,515,425,95,190,2210,155,130,140,165,160,255,275,180,165,155,430,2205,299808,1690,515,1005,1690,1045,760,6840,4790,3095,2115,1590,525,980,4015,0,0,15,195,265,325,370,385,225,140,90,230,310,400,460,340,195,110,90,2205,7365,2535
933,9330410.01,410.01,4888,7975,54775,5970,7870,1420,960,900,840,60,60,2715,115,280,275,240,250,365,290,265,185,175,275,2715,236671,2140,570,737,985,1500,970,7355,3930,2910,2725,2365,360,185,4430,0,80,100,235,310,420,355,310,230,165,120,275,355,400,365,325,205,155,115,2715,7975,495
933,9330410.02,410.02,4889,5461,48030,4150,5380,855,560,530,500,30,35,2015,85,240,260,280,200,215,240,175,115,65,145,2015,215724,1505,510,654,855,1180,485,4990,2925,2050,1945,1670,270,110,2890,0,25,110,190,250,260,195,170,165,95,80,215,265,270,220,190,135,120,90,2015,5455,710
933,9330506.01,506.01,4890,3723,48561,2615,3665,735,290,250,240,15,40,1220,30,145,145,125,185,170,140,90,95,15,65,1220,170578,965,250,813,400,715,435,3295,2120,1145,1030,805,225,115,2025,0,20,30,155,200,200,135,95,70,50,30,190,240,190,150,90,60,45,35,1220,3720,275
933,9330506.02,506.02,4891,6511,50085,4675,6340,1240,535,495,390,100,40,2165,165,285,220,170,235,225,245,270,95,105,140,2160,182008,1620,540,654,620,1340,685,5865,3505,1860,1770,1465,305,90,3370,0,35,115,220,340,350,225,210,145,105,90,240,350,320,240,180,135,95,100,2160,6445,325
933,9330187.03,187.03,4892,6006,54313,4520,5925,1155,375,325,225,100,45,1765,115,180,150,175,180,205,165,190,140,125,145,1765,223558,1200,565,860,780,1335,585,5445,2750,1205,850,585,270,350,3205,0,25,160,240,280,265,255,245,155,105,80,235,290,260,240,235,145,90,80,1770,6005,1735
933,9330181.07,181.07,4893,3509,75222,2680,3480,440,200,150,110,40,50,1200,30,80,65,95,95,80,95,120,70,120,345,1200,381580,1105,95,1144,1075,410,350,3305,1395,760,675,390,285,80,1855,0,50,105,40,50,125,185,180,145,65,70,30,80,150,220,200,90,85,80,1200,3495,150
933,9330185.05,185.05,4894,4737,36697,3400,4635,1105,350,285,255,30,65,1550,100,295,205,230,210,110,120,135,70,25,45,1550,179844,805,745,650,625,960,530,4235,2600,1330,1065,715,350,265,2330,0,20,65,185,250,235,170,150,95,75,40,225,245,250,190,145,110,55,45,1555,4735,1370
933,9330184.05,184.05,4895,7165,58780,5345,7030,1355,565,365,340,30,195,1935,95,130,190,135,240,195,250,180,150,120,245,1935,260260,1585,350,822,1045,1345,820,6565,3870,2005,1330,1020,310,675,3885,0,0,85,240,290,315,330,310,180,125,100,265,305,345,330,280,160,130,80,1935,7155,3120
933,9330039.01,39.01,4896,5205,32280,4785,5130,1465,495,395,175,220,100,3065,335,555,550,430,325,220,210,125,45,60,200,3070,300378,605,2460,684,2435,535,280,4965,3570,1525,1180,385,795,345,3850,0,1110,530,435,415,340,235,205,125,65,65,515,450,325,245,160,105,80,65,3065,5175,820
933,9330039.02,39.02,4897,4970,40397,4160,4535,1395,540,370,175,190,170,2605,240,415,270,340,325,340,145,190,75,70,200,2610,219417,970,1635,781,2330,415,285,4415,3490,1795,995,460,530,800,2975,0,155,180,285,395,230,170,140,80,60,50,400,420,255,245,180,120,85,80,2605,4605,1595
933,9330035.01,35.01,4898,3959,40218,3340,3890,555,225,105,60,50,120,1300,80,190,205,160,145,115,150,55,55,45,95,1300,342984,810,485,705,635,700,455,3745,1680,665,235,95,135,425,2120,0,170,325,180,185,150,150,145,90,95,110,160,180,140,175,135,95,135,90,1300,3960,2335
933,9330035.02,35.02,4899,6458,37151,5270,6320,975,325,120,95,25,210,2245,240,395,290,295,260,175,160,105,80,85,160,2245,337166,1205,1045,640,1220,1315,620,5995,3115,1230,565,320,245,665,3355,0,285,415,280,280,240,225,230,125,150,170,255,320,275,265,240,150,160,155,2245,6405,3820
933,9330189.04,189.04,4900,7862,50020,6010,7685,1465,790,600,460,140,190,2445,165,230,230,305,290,295,230,215,195,110,180,2445,219462,1720,725,813,1375,1370,910,7250,4620,2735,1700,1080,625,1030,4235,0,15,70,260,320,365,310,345,220,140,115,265,350,415,380,325,200,135,110,2445,7860,3065
933,9330140.01,140.01,4901,7513,49118,5770,7375,1320,880,550,395,145,335,2395,185,170,245,310,295,265,230,130,120,115,330,2395,323057,1540,850,899,1550,1145,785,6885,4220,2625,1530,1165,360,1100,4180,0,130,265,320,385,380,340,275,205,145,145,315,430,410,325,260,180,130,115,2400,7510,3725
933,9330140.02,140.02,4902,4610,63748,3585,4580,530,190,100,70,30,85,1475,40,100,115,95,130,200,140,90,90,95,375,1480,390564,1190,285,872,1320,730,430,4375,2040,715,425,240,180,290,2590,0,95,70,80,100,150,240,265,180,115,70,80,135,230,280,260,150,80,85,1475,4610,1250
933,9330001.01,1.01,4903,6420,43889,5020,6270,825,300,185,125,55,120,2230,125,320,285,255,240,190,170,225,125,105,180,2230,244736,1175,1055,706,1580,915,755,5980,2865,1155,515,315,205,635,3485,0,10,10,165,190,235,260,240,185,160,115,160,275,295,365,325,225,195,140,2230,6315,2810
933,9330001.02,1.02,4904,3844,42059,2910,3655,595,250,110,75,35,140,1330,110,170,170,180,130,135,110,80,80,50,110,1335,307089,765,570,737,1005,530,260,3430,2160,985,475,255,220,510,1890,0,0,10,120,165,160,155,130,65,75,75,165,210,215,180,145,125,90,90,1335,3720,1880