"","GeoUID","Type","Region Name","Area (sq km)","Population","Dwellings","Households","CMA_UID","PR_UID","CSD_UID","CD_UID","NHS Non Return Rate","v_CA11N_2281: Number of owner households in non-farm, non-reserve private dwellings","v_CA11N_2288: Number of tenant households in non-farm, non-reserve private dwellings","v_CA11N_2284: Median monthly shelter costs for owned dwellings ($)","v_CA11N_2286: Median value of dwellings ($)","v_CA11N_2291: Median monthly shelter costs for rented dwellings ($)"
"1","9330001.01","CT","Vancouver",1.01953,6311,2316,2297,"59933","59","5915022","5915","0.21600000000000003",1225,1070,720,479654,873
"2","9330001.02","CT","Vancouver",2.02898,4837,1729,1708,"59933","59","5915022","5915","0.223",1135,570,1190,500839,887
"3","9330002.01","CT","Vancouver",2.02909,5974,2552,2459,"59933","59","5915022","5915","0.273",1605,855,1214,599815,1012
"4","9330002.03","CT","Vancouver",0.78516,4005,1276,1158,"59933","59","5915022","5915","0.24600000000000002",860,260,727,899768,843
"5","9330002.04","CT","Vancouver",0.84513,4503,1538,1457,"59933","59","5915022","5915","0.27699999999999997",965,470,964,696382,1037
"6","9330003.01","CT","Vancouver",0.54316,3772,1150,1070,"59933","59","5915022","5915","0.242",615,485,1237,751923,850
"7","9330003.02","CT","Vancouver",1.19645,4671,1412,1281,"59933","59","5915022","5915","0.228",640,660,1296,775937,855
"8","9330004.01","CT","Vancouver",1.6329,4514,1568,1484,"59933","59","5915022","5915","0.203",985,500,809,848390,851
"9","9330004.02","CT","Vancouver",1.24706,5756,1743,1585,"59933","59","5915022","5915","0.25",885,705,1429,799640,849
"10","9330005.00","CT","Vancouver",1.57041,7207,4431,4246,"59933","59","5915022","5915","0.271",550,3700,1064,338823,846
"11","9330006.01","CT","Vancouver",0.91749,4827,1740,1664,"59933","59","5915022","5915","0.254",1175,490,750,1000307,1017
"12","9330006.02","CT","Vancouver",1.09361,5441,1865,1801,"59933","59","5915022","5915","0.252",1155,645,751,1002336,999
"13","9330007.01","CT","Vancouver",2.84304,5157,2015,1932,"59933","59","5915022","5915","0.276",1385,550,943,1502133,763
"14","9330007.02","CT","Vancouver",1.41849,3705,1257,1203,"59933","59","5915022","5915","0.27",925,290,1134,2002309,1843
"15","9330008.01","CT","Musqueam 2",3.19919,1569,556,544,"59933","59","5915803","5915","0.327",0,0,0,0,0
"16","9330008.02","CT","Vancouver",3.74406,4287,1606,1482,"59933","59","5915022","5915","0.29100000000000004",1295,175,1132,1799185,1667
"17","9330009.00","CT","Vancouver",1.6647,7484,3453,3257,"59933","59","5915022","5915","0.298",1665,1595,1018,1501552,1098
"18","9330010.01","CT","Vancouver",1.41537,4943,2127,1967,"59933","59","5915022","5915","0.273",1355,610,930,1103465,1280
"19","9330010.02","CT","Vancouver",1.39303,4738,1713,1632,"59933","59","5915022","5915","0.239",925,710,1019,1798302,1526
"20","9330011.00","CT","Vancouver",1.5728,6645,2415,2209,"59933","59","5915022","5915","0.266",1315,895,1043,800129,802
"21","9330012.00","CT","Vancouver",1.54279,7777,2931,2710,"59933","59","5915022","5915","0.259",1825,885,958,877858,883
"22","9330013.01","CT","Vancouver",1.14038,6346,2216,2031,"59933","59","5915022","5915","0.265",1210,820,657,800641,801
"23","9330013.03","CT","Vancouver",0.62391,4944,1612,1489,"59933","59","5915022","5915","0.263",910,580,850,801026,800
"24","9330013.04","CT","Vancouver",0.47728,3584,1169,1075,"59933","59","5915022","5915","0.292",620,455,752,800006,801
"25","9330014.01","CT","Vancouver",0.50408,2983,1002,948,"59933","59","5915022","5915","0.325",655,295,639,802471,950
"26","9330014.02","CT","Vancouver",0.80703,6074,2098,2015,"59933","59","5915022","5915","0.25",1165,855,677,800013,682
"27","9330015.01","CT","Vancouver",0.93135,5364,1726,1642,"59933","59","5915022","5915","0.295",1200,445,626,848832,801
"28","9330015.02","CT","Vancouver",1.34265,6163,1886,1806,"59933","59","5915022","5915","0.312",1185,620,643,823838,803
"29","9330016.01","CT","Vancouver",0.67646,5239,1786,1731,"59933","59","5915022","5915","0.29100000000000004",880,855,746,753619,836
"30","9330016.04","CT","Vancouver",0.93633,7278,2638,2505,"59933","59","5915022","5915","0.275",1645,860,1143,649378,825
"31","9330016.05","CT","Vancouver",0.54272,4955,1906,1825,"59933","59","5915022","5915","0.201",725,1100,711,699760,851
"32","9330016.06","CT","Vancouver",0.12378,4946,2591,2488,"59933","59","5915022","5915","0.156",1380,1110,1098,331521,1199
"33","9330017.01","CT","Vancouver",1.15993,6830,2313,2135,"59933","59","5915022","5915","0.253",1340,795,724,822382,876
"34","9330017.02","CT","Vancouver",0.85474,6529,2197,2084,"59933","59","5915022","5915","0.254",1365,720,703,750231,805
"35","9330018.01","CT","Vancouver",0.90264,7039,2554,2271,"59933","59","5915022","5915","0.252",1385,880,643,799975,903
"36","9330018.02","CT","Vancouver",0.98795,6950,2517,2296,"59933","59","5915022","5915","0.22",1470,830,1121,779224,861
"37","9330019.00","CT","Vancouver",1.84676,4848,1994,1892,"59933","59","5915022","5915","0.308",1230,665,917,897993,974
"38","9330020.00","CT","Vancouver",1.39343,2726,933,881,"59933","59","5915022","5915","0.272",715,160,1085,1502637,927
"39","9330021.00","CT","Vancouver",2.21217,3955,1362,1281,"59933","59","5915022","5915","0.337",1125,185,1537,3003369,875
"40","9330022.00","CT","Vancouver",0.31966,3177,1775,1651,"59933","59","5915022","5915","0.314",615,1035,884,684929,1330
"41","9330023.00","CT","Vancouver",1.20023,4354,1498,1397,"59933","59","5915022","5915","0.225",1135,265,1082,1847193,1324
"42","9330024.00","CT","Vancouver",1.7023,5951,2160,2012,"59933","59","5915022","5915","0.225",1630,380,935,1802154,1410
"43","9330025.00","CT","Vancouver",1.98912,7413,2876,2630,"59933","59","5915022","5915","0.266",2025,605,873,1503879,1301
"44","9330026.00","CT","Vancouver",1.25934,4913,1909,1782,"59933","59","5915022","5915","0.278",1410,375,948,1747439,983
"45","9330027.01","CT","Vancouver",1.2721,4145,1514,1430,"59933","59","5915022","5915","0.331",1215,180,903,1503647,1244
"46","9330027.02","CT","Vancouver",1.02856,4027,1537,1385,"59933","59","5915022","5915","0.272",1100,285,1265,1503277,1605
"47","9330028.00","CT","Vancouver",1.4746,3116,1298,1169,"59933","59","5915022","5915","0.271",815,360,1250,2001396,1207
"48","9330029.00","CT","Vancouver",1.50157,6512,2761,2632,"59933","59","5915022","5915","0.264",1495,1130,1214,1001235,1198
"49","9330030.00","CT","Vancouver",1.45623,6629,2525,2405,"59933","59","5915022","5915","0.244",1555,850,916,898067,952
"50","9330031.01","CT","Vancouver",0.89854,5660,2539,2421,"59933","59","5915022","5915","0.242",1285,1140,1021,1002154,982
"51","9330031.02","CT","Vancouver",0.69343,4657,1880,1764,"59933","59","5915022","5915","0.222",1010,755,1213,801082,1022
"52","9330032.00","CT","Vancouver",1.24197,8249,3329,3156,"59933","59","5915022","5915","0.193",1785,1370,1150,700150,1002
"53","9330033.01","CT","Vancouver",0.68227,4643,1774,1614,"59933","59","5915022","5915","0.24100000000000002",1050,565,1299,799056,851
"54","9330033.02","CT","Vancouver",0.44716,2971,1084,973,"59933","59","5915022","5915","0.244",570,400,710,799411,850
"55","9330034.01","CT","Vancouver",0.67336,4963,1771,1623,"59933","59","5915022","5915","0.184",1010,620,594,750360,803
"56","9330034.02","CT","Vancouver",1.37365,7293,2609,2420,"59933","59","5915022","5915","0.302",1360,1060,1198,720564,936
"57","9330035.01","CT","Vancouver",0.72093,4214,1691,1479,"59933","59","5915022","5915","0.341",870,630,557,752513,849
"58","9330035.02","CT","Vancouver",1.54494,6869,2667,2537,"59933","59","5915022","5915","0.319",1475,1065,710,749914,903
"59","9330036.01","CT","Vancouver",1.36961,6051,2064,1938,"59933","59","5915022","5915","0.318",1345,575,667,798937,803
"60","9330036.02","CT","Vancouver",1.46931,5967,2042,1908,"59933","59","5915022","5915","0.256",1410,500,758,802283,849
"61","9330037.01","CT","Vancouver",0.60169,5012,2255,2090,"59933","59","5915022","5915","0.231",910,1180,1700,753400,928
"62","9330037.02","CT","Vancouver",0.51895,3559,1659,1596,"59933","59","5915022","5915","0.33299999999999996",555,1040,1496,670188,864
"63","9330038.00","CT","Vancouver",0.58903,5394,2909,2782,"59933","59","5915022","5915","0.28",830,1955,1589,484795,854
"64","9330039.01","CT","Vancouver",0.71415,5630,3446,3312,"59933","59","5915022","5915","0.221",985,2325,1416,600679,930
"65","9330039.02","CT","Vancouver",0.6033,5630,3111,2966,"59933","59","5915022","5915","0.14300000000000002",1500,1470,1315,500292,1051
"66","9330040.01","CT","Vancouver",0.27049,3761,2697,2570,"59933","59","5915022","5915","0.292",555,2010,1297,400813,1000
"67","9330040.02","CT","Vancouver",0.3166,4360,3022,2884,"59933","59","5915022","5915","0.29",725,2160,1257,449094,1026
"68","9330041.01","CT","Vancouver",0.38099,4346,2865,2746,"59933","59","5915022","5915","0.251",865,1880,1107,500096,1129
"69","9330041.02","CT","Vancouver",1.00113,7009,3787,3521,"59933","59","5915022","5915","0.172",1940,1580,1386,649334,1316
"70","9330042.00","CT","Vancouver",1.08738,6118,2782,2544,"59933","59","5915022","5915","0.268",1485,1060,982,1295037,1126
"71","9330043.01","CT","Vancouver",0.71126,3940,1808,1618,"59933","59","5915022","5915","0.254",930,690,933,1597549,1293
"72","9330043.02","CT","Vancouver",0.99667,4336,1709,1571,"59933","59","5915022","5915","0.278",1255,315,1016,1603067,1255
"73","9330044.00","CT","Vancouver",2.84822,4527,2261,2024,"59933","59","5915022","5915","0.275",1215,810,1269,1798358,1085
"74","9330045.01","CT","Vancouver",0.67288,4727,2629,2407,"59933","59","5915022","5915","0.301",1230,1175,1426,1052892,1269
"75","9330045.02","CT","Vancouver",0.73341,5517,2887,2674,"59933","59","5915022","5915","0.257",1240,1435,1328,1000394,1207
"76","9330046.00","CT","Vancouver",0.49188,4967,3140,2992,"59933","59","5915022","5915","0.172",845,2145,1231,499994,988
"77","9330047.01","CT","Vancouver",0.33248,3502,2442,2290,"59933","59","5915022","5915","0.27699999999999997",925,1365,953,601886,1095
"78","9330047.02","CT","Vancouver",0.39158,3982,2809,2676,"59933","59","5915022","5915","0.281",655,2020,1432,449443,1055
"79","9330048.00","CT","Vancouver",1.22223,7366,4713,4448,"59933","59","5915022","5915","0.23",1990,2455,1330,599057,1105
"80","9330049.01","CT","Vancouver",1.55144,8179,5353,4673,"59933","59","5915022","5915","0.196",2450,2225,1587,551837,1387
"81","9330049.02","CT","Vancouver",0.85075,5788,3297,3116,"59933","59","5915022","5915","0.228",1545,1570,1208,599238,1054
"82","9330050.02","CT","Vancouver",0.68133,5752,3532,3179,"59933","59","5915022","5915","0.282",855,2325,1261,399938,846
"83","9330050.03","CT","Vancouver",1.29301,4971,3318,3173,"59933","59","5915022","5915","0.237",1285,1885,1244,349558,850
"84","9330050.04","CT","Vancouver",0.30664,3212,2038,1892,"59933","59","5915022","5915","0.317",775,1115,1031,270102,861
"85","9330051.01","CT","Vancouver",0.54428,3320,1353,1291,"59933","59","5915022","5915","0.309",790,500,640,799794,950
"86","9330051.02","CT","Vancouver",0.75497,4671,1654,1622,"59933","59","5915022","5915","0.22899999999999998",970,650,751,752090,819
"87","9330052.01","CT","Vancouver",1.26046,5960,2248,2042,"59933","59","5915022","5915","0.222",1075,965,627,752199,828
"88","9330052.02","CT","Vancouver",1.32557,6258,2236,2099,"59933","59","5915022","5915","0.19",1295,800,802,750962,832
"89","9330053.01","CT","Vancouver",2.62482,6508,2568,2365,"59933","59","5915022","5915","0.29",1625,735,1228,749932,901
"90","9330053.02","CT","Vancouver",0.79811,3217,1371,1231,"59933","59","5915022","5915","0.253",905,320,665,751958,860
"91","9330054.01","CT","Vancouver",0.58596,3900,1708,1561,"59933","59","5915022","5915","0.303",870,695,1331,776857,951
"92","9330054.02","CT","Vancouver",0.79274,4326,1593,1496,"59933","59","5915022","5915","0.22699999999999998",1115,380,709,800972,826
"93","9330055.01","CT","Vancouver",0.80452,5131,2770,2448,"59933","59","5915022","5915","0.245",995,1455,1077,554649,840
"94","9330055.02","CT","Vancouver",0.65244,4302,2570,2418,"59933","59","5915022","5915","0.203",930,1485,896,376500,848
"95","9330056.01","CT","Vancouver",1.10946,3793,2321,2012,"59933","59","5915022","5915","0.299",345,1670,1335,376361,797
"96","9330056.02","CT","Vancouver",0.66725,4151,2452,2213,"59933","59","5915022","5915","0.282",760,1455,1020,599371,929
"97","9330057.01","CT","Vancouver",0.23107,3188,1511,1359,"59933","59","5915022","5915","0.369",80,1420,1525,423955,430
"98","9330057.02","CT","Vancouver",1.62618,5086,2425,2218,"59933","59","5915022","5915","0.282",630,1590,793,697470,532
"99","9330058.00","CT","Vancouver",1.14194,3792,1826,1682,"59933","59","5915022","5915","0.303",85,1460,1621,450400,374
"100","9330059.06","CT","Vancouver",0.62282,6496,3470,3158,"59933","59","5915022","5915","0.38299999999999995",780,2380,1712,454894,550
"101","9330059.07","CT","Vancouver",0.26016,4745,3148,2566,"59933","59","5915022","5915","0.348",1680,880,1611,680155,1662
"102","9330059.08","CT","Vancouver",0.34509,6843,3851,3362,"59933","59","5915022","5915","0.28800000000000003",1990,1375,1600,697540,1621
"103","9330059.09","CT","Vancouver",0.19984,4929,3784,3363,"59933","59","5915022","5915","0.335",1260,2100,1461,401071,1246
"104","9330059.10","CT","Vancouver",0.19921,5182,3689,3129,"59933","59","5915022","5915","0.319",1260,1870,1551,420540,1418
"105","9330059.11","CT","Vancouver",0.76995,6291,4628,3780,"59933","59","5915022","5915","0.38299999999999995",1545,2235,1641,425939,1480
"106","9330059.12","CT","Vancouver",0.90884,12513,7616,6828,"59933","59","5915022","5915","0.33799999999999997",3375,3455,1612,500721,1501
"107","9330060.01","CT","Vancouver",0.14833,3039,2173,2053,"59933","59","5915022","5915","0.345",330,1725,969,399572,1120
"108","9330060.02","CT","Vancouver",0.23171,5612,3941,3746,"59933","59","5915022","5915","0.308",840,2910,1027,400333,1057
"109","9330061.00","CT","Vancouver",0.21193,4821,3539,3346,"59933","59","5915022","5915","0.336",355,2990,1125,449821,1084
"110","9330062.00","CT","Vancouver",0.16862,3209,2484,2245,"59933","59","5915022","5915","0.278",610,1640,634,449993,1147
"111","9330063.00","CT","Vancouver",0.18512,3352,2364,2186,"59933","59","5915022","5915","0.314",555,1635,919,450300,1019
"112","9330064.00","CT","Vancouver",0.2389,4616,3191,3077,"59933","59","5915022","5915","0.319",440,2640,998,400018,1061
"113","9330065.00","CT","Vancouver",0.24101,6767,4520,4166,"59933","59","5915022","5915","0.299",795,3370,1406,469832,1051
"114","9330066.00","CT","Vancouver",0.52863,7817,5334,4119,"59933","59","5915022","5915","0.425",1930,2190,1604,573118,1544
"115","9330067.01","CT","Vancouver",0.18628,3666,2684,2559,"59933","59","5915022","5915","0.35700000000000004",375,2185,1333,401080,1004
"116","9330067.02","CT","Vancouver",0.2353,4501,2888,2393,"59933","59","5915022","5915","0.317",780,1610,1310,800644,1409
"117","9330068.00","CT","Vancouver",4.27153,4834,3723,3373,"59933","59","5915022","5915","0.258",680,2695,1064,500942,997
"118","9330069.00","CT","Greater Vancouver A",14.50167,12777,5736,4939,"59933","59","5915020","5915","0.233",2465,2470,1319,753512,1231
"119","9330100.01","CT","North Vancouver",0.97053,4025,1657,1597,"59933","59","5915051","5915","0.27699999999999997",930,665,1412,800588,1023
"120","9330100.02","CT","North Vancouver",2.91199,6915,3306,3134,"59933","59","5915051","5915","0.243",1805,1335,1160,696453,1001
"121","9330101.03","CT","North Vancouver",0.33857,5200,3381,3236,"59933","59","5915051","5915","0.313",1385,1850,926,376496,996
"122","9330101.04","CT","North Vancouver",0.30207,3756,2213,2066,"59933","59","5915051","5915","0.35200000000000004",840,1225,1072,401320,1027
"123","9330101.05","CT","North Vancouver",0.58813,4526,2311,2189,"59933","59","5915051","5915","0.284",1240,945,1117,484513,1026
"124","9330101.06","CT","North Vancouver",0.42324,4319,2953,2579,"59933","59","5915051","5915","0.28",1295,1285,1355,470109,1127
"125","9330102.00","CT","North Vancouver",2.84158,5732,2189,2092,"59933","59","5915051","5915","0.308",1345,575,1526,584949,1242
"126","9330103.00","CT","North Vancouver",1.34072,6920,3480,3339,"59933","59","5915051","5915","0.335",1710,1625,1080,601150,980
"127","9330104.00","CT","North Vancouver",2.41356,7377,2889,2728,"59933","59","5915051","5915","0.258",1830,895,1373,848257,1102
"128","9330110.02","CT","North Vancouver",2.21469,3168,1129,1111,"59933","59","5915046","5915","0.262",1010,85,1365,873697,1497
"129","9330110.03","CT","North Vancouver",38.8455,2983,1228,1158,"59933","59","5915046","5915","0.306",990,160,1055,898447,1048
"130","9330110.04","CT","North Vancouver",1.49981,4561,1556,1530,"59933","59","5915046","5915","0.233",1260,275,1550,848374,1118
"131","9330111.01","CT","North Vancouver",4.46,5932,2365,2288,"59933","59","5915046","5915","0.3",1120,455,1311,774935,1235
"132","9330111.02","CT","North Vancouver",32.63457,7450,2723,2686,"59933","59","5915046","5915","0.244",2415,270,1177,850454,1177
"133","9330111.03","CT","North Vancouver",24.55313,4108,1592,1552,"59933","59","5915046","5915","0.33799999999999997",1340,190,1637,527649,1406
"134","9330112.00","CT","North Vancouver",1.06754,2733,1145,1086,"59933","59","5915046","5915","0.213",835,260,758,801427,1246
"135","9330113.00","CT","North Vancouver",2.95841,7570,2975,2863,"59933","59","5915046","5915","0.258",1875,985,1377,789720,1036
"136","9330114.01","CT","North Vancouver",1.70479,2955,996,963,"59933","59","5915046","5915","0.213",840,105,1691,850283,1054
"137","9330114.02","CT","North Vancouver",2.02093,5155,1885,1777,"59933","59","5915046","5915","0.256",1525,255,1235,848299,1214
"138","9330115.00","CT","North Vancouver",4.79478,5714,2097,1995,"59933","59","5915046","5915","0.231",1560,430,1574,799932,1317
"139","9330116.00","CT","North Vancouver",16.10803,5277,1956,1840,"59933","59","5915046","5915","0.233",1460,380,1342,1000854,1403
"140","9330117.00","CT","North Vancouver",2.38266,5996,2258,2151,"59933","59","5915046","5915","0.26899999999999996",1780,370,775,1000285,995
"141","9330118.00","CT","North Vancouver",3.55455,7436,3350,3205,"59933","59","5915046","5915","0.228",2310,895,1077,698604,1202
"142","9330119.00","CT","North Vancouver",1.34404,2261,895,845,"59933","59","5915046","5915","0.284",690,145,993,948676,1837
"143","9330120.00","CT","North Vancouver",2.36858,3926,1409,1378,"59933","59","5915046","5915","0.17800000000000002",1220,150,837,1000947,2203
"144","9330121.00","CT","North Vancouver",1.85344,4543,1571,1490,"59933","59","5915046","5915","0.226",1370,120,1561,1002214,1208
"145","9330122.00","CT","North Vancouver",20.57512,4223,1424,1395,"59933","59","5915046","5915","0.32299999999999995",1155,245,1045,1001767,1208
"146","9330130.01","CT","West Vancouver",0.88039,4388,2844,2597,"59933","59","5915055","5915","0.355",1490,1115,746,801803,1377
"147","9330130.03","CT","Capilano 5",1.50249,4552,2618,2427,"59933","59","5915808","5915","0.34600000000000003",1290,1140,725,697816,1128
"148","9330130.04","CT","Capilano 5",1.79039,2700,1375,1316,"59933","59","5915808","5915","0.33",0,0,0,0,0
"149","9330131.00","CT","West Vancouver",3.37004,7174,2777,2567,"59933","59","5915055","5915","0.289",2070,495,942,1349851,1004
"150","9330132.00","CT","West Vancouver",3.30046,3732,1413,1327,"59933","59","5915055","5915","0.336",1245,75,1225,1701320,2031
"151","9330133.01","CT","West Vancouver",3.91186,3642,1559,1431,"59933","59","5915055","5915","0.301",1230,185,1313,1104644,1824
"152","9330133.02","CT","West Vancouver",36.98253,6333,2385,2268,"59933","59","5915055","5915","0.28",2170,110,1079,1301089,1906
"153","9330134.00","CT","West Vancouver",15.2026,7634,3149,2705,"59933","59","5915055","5915","0.276",2365,335,1153,1703466,1607
"154","9330135.00","CT","West Vancouver",23.60397,5239,1925,1752,"59933","59","5915055","5915","0.316",1595,155,1105,1501494,1788
"155","9330140.02","CT","Richmond",24.38228,7305,3010,2941,"59933","59","5915015","5915","0.231",2580,345,1201,602000,1159
"156","9330140.03","CT","Richmond",47.42177,4366,1518,1448,"59933","59","5915015","5915","0.249",675,670,809,697068,1053
"157","9330140.04","CT","Richmond",3.05063,5094,1635,1565,"59933","59","5915015","5915","0.24600000000000002",1335,225,1452,621053,1483
"158","9330141.01","CT","Richmond",3.12433,8321,3285,3214,"59933","59","5915015","5915","0.23800000000000002",2100,1115,1173,752081,1022
"159","9330141.02","CT","Richmond",0.0826,788,394,382,"59933","59","5915015","5915","0.359",350,35,1491,574282,1286
"160","9330142.01","CT","Richmond",1.46876,6284,2142,2099,"59933","59","5915015","5915","0.20800000000000002",1830,265,883,767458,1454
"161","9330142.02","CT","Richmond",1.46436,5194,1850,1797,"59933","59","5915015","5915","0.213",1540,255,1329,801369,1073
"162","9330142.03","CT","Richmond",1.53098,6317,2337,2253,"59933","59","5915015","5915","0.23199999999999998",1715,540,842,897364,1068
"163","9330143.01","CT","Richmond",1.33096,5536,1733,1696,"59933","59","5915015","5915","0.213",1500,195,753,801881,1055
"164","9330143.02","CT","Richmond",1.30321,4707,1669,1610,"59933","59","5915015","5915","0.212",1080,535,906,898711,602
"165","9330143.03","CT","Richmond",1.33996,4774,1645,1606,"59933","59","5915015","5915","0.278",1325,280,841,898690,1002
"166","9330143.04","CT","Richmond",1.32106,5673,1803,1773,"59933","59","5915015","5915","0.209",1630,140,739,899514,1487
"167","9330144.03","CT","Richmond",0.68392,2519,813,749,"59933","59","5915015","5915","0.35",585,170,1410,799300,1364
"168","9330144.04","CT","Richmond",1.33641,5712,2097,2030,"59933","59","5915015","5915","0.231",1325,705,965,699137,1031
"169","9330144.05","CT","Richmond",0.68995,2599,876,858,"59933","59","5915015","5915","0.256",725,140,978,897059,1203
"170","9330144.06","CT","Richmond",1.33078,5374,1741,1682,"59933","59","5915015","5915","0.268",1375,305,1225,789157,1204
"171","9330145.01","CT","Richmond",1.33596,4438,1469,1399,"59933","59","5915015","5915","0.271",1265,135,859,898694,1219
"172","9330145.02","CT","Richmond",1.37417,3283,1028,999,"59933","59","5915015","5915","0.19899999999999998",925,75,881,798835,850
"173","9330146.00","CT","Richmond",4.79845,6748,2313,2186,"59933","59","5915015","5915","0.267",1675,510,1174,698462,1098
"174","9330147.01","CT","Richmond",2.66576,9674,3779,3563,"59933","59","5915015","5915","0.23399999999999999",2890,670,1486,551622,1369
"175","9330147.04","CT","Richmond",0.33082,5408,2444,2376,"59933","59","5915015","5915","0.223",1830,545,785,341194,1036
"176","9330147.05","CT","Richmond",0.32955,4466,1825,1708,"59933","59","5915015","5915","0.201",1320,385,1117,379694,1231
"177","9330147.07","CT","Richmond",0.45299,5771,3018,2678,"59933","59","5915015","5915","0.258",1625,1050,805,400614,1134
"178","9330147.08","CT","Richmond",0.60566,6861,3179,2933,"59933","59","5915015","5915","0.17600000000000002",1795,1140,1012,279416,1018
"179","9330147.09","CT","Richmond",0.24015,3772,1608,1595,"59933","59","5915015","5915","0.188",1165,430,945,348280,1053
"180","9330147.10","CT","Richmond",0.41369,4354,1997,1939,"59933","59","5915015","5915","0.247",1550,385,882,376495,1206
"181","9330148.00","CT","Richmond",3.02005,8304,3848,3534,"59933","59","5915015","5915","0.237",2090,1440,839,449876,1097
"182","9330149.02","CT","Richmond",1.53256,4910,1643,1581,"59933","59","5915015","5915","0.26899999999999996",1350,230,1295,897258,1079
"183","9330149.05","CT","Richmond",0.64778,2296,713,686,"59933","59","5915015","5915","0.193",585,75,1322,1106181,1364
"184","9330149.06","CT","Richmond",1.83118,5140,1774,1711,"59933","59","5915015","5915","0.196",1545,165,968,900097,1272
"185","9330149.07","CT","Richmond",1.21873,2919,933,878,"59933","59","5915015","5915","0.23",735,125,1064,1000804,1400
"186","9330149.08","CT","Richmond",1.22302,4644,1855,1792,"59933","59","5915015","5915","0.265",1525,265,976,529953,1046
"187","9330149.09","CT","Richmond",0.6636,3077,1067,1042,"59933","59","5915015","5915","0.22399999999999998",735,330,995,698000,995
"188","9330150.00","CT","Richmond",23.2006,789,296,291,"59933","59","5915015","5915","0.375",255,0,552,696607,0
"189","9330151.03","CT","Richmond",4.15303,2598,729,709,"59933","59","5915015","5915","0.32799999999999996",600,110,1574,799412,1278
"190","9330151.05","CT","Richmond",1.29821,3915,1227,1180,"59933","59","5915015","5915","0.349",905,265,1095,572676,970
"191","9330151.06","CT","Richmond",1.91004,5362,1559,1523,"59933","59","5915015","5915","0.248",1275,245,1437,647903,1102
"192","9330151.07","CT","Richmond",3.33782,3325,1697,1524,"59933","59","5915015","5915","0.304",965,580,1256,411341,1310
"193","9330151.08","CT","Richmond",3.30079,7856,2621,2446,"59933","59","5915015","5915","0.27",2020,425,1183,649789,1249
"194","9330160.01","CT","Delta",2.17417,4805,1700,1680,"59933","59","5915011","5915","0.23199999999999998",1595,80,1148,749761,1499
"195","9330160.02","CT","Delta",6.54584,7014,3215,3124,"59933","59","5915011","5915","0.258",2420,705,868,688948,1002
"196","9330160.03","CT","Delta",2.62945,5692,2149,2125,"59933","59","5915011","5915","0.253",1780,345,1156,673681,1098
"197","9330160.04","CT","Delta",2.32708,3670,1659,1598,"59933","59","5915011","5915","0.28600000000000003",1210,395,1089,599847,891
"198","9330161.01","CT","Delta",157.31286,3263,1198,1115,"59933","59","5915011","5915","0.35200000000000004",475,225,564,599449,1004
"199","9330161.02","CT","Delta",1.82669,5589,2365,2312,"59933","59","5915011","5915","0.263",1505,810,1398,561149,785
"200","9330161.03","CT","Delta",2.33244,6500,2439,2410,"59933","59","5915011","5915","0.24",2000,405,884,598140,996
"201","9330161.05","CT","Delta",1.61132,5753,2017,1992,"59933","59","5915011","5915","0.24",1595,400,1104,598712,951
"202","9330161.06","CT","Delta",5.8088,4362,1767,1738,"59933","59","5915011","5915","0.21",1650,85,926,647995,1203
"203","9330162.01","CT","Delta",2.15455,5852,1857,1843,"59933","59","5915011","5915","0.196",1625,215,1487,574824,801
"204","9330162.02","CT","Delta",2.07882,6372,2063,1996,"59933","59","5915011","5915","0.252",1685,310,1383,527094,1098
"205","9330162.03","CT","Delta",1.6576,7599,2373,2305,"59933","59","5915011","5915","0.313",1595,710,1362,479867,702
"206","9330162.04","CT","Delta",4.92306,5892,1902,1894,"59933","59","5915011","5915","0.214",1805,90,926,628642,1206
"207","9330163.01","CT","Delta",1.70466,4787,1593,1544,"59933","59","5915011","5915","0.282",1425,130,1678,526109,1473
"208","9330163.04","CT","Delta",3.36841,5406,1809,1758,"59933","59","5915011","5915","0.223",1605,155,1348,501416,900
"209","9330163.05","CT","Delta",1.64336,5263,1827,1689,"59933","59","5915011","5915","0.34299999999999997",1225,465,1360,460547,825
"210","9330163.06","CT","Delta",0.98532,4031,1345,1230,"59933","59","5915011","5915","0.22899999999999998",725,490,1494,491189,801
"211","9330163.07","CT","Delta",1.31614,4716,1541,1465,"59933","59","5915011","5915","0.21899999999999997",1150,335,1112,449679,875
"212","9330163.08","CT","Delta",1.26722,4022,1283,1242,"59933","59","5915011","5915","0.23800000000000002",970,255,1446,470589,1173
"213","9330170.03","CT","White Rock",0.48982,3851,2730,2580,"59933","59","5915007","5915","0.27899999999999997",1780,800,567,289729,855
"214","9330170.04","CT","White Rock",2.16129,5369,2443,2267,"59933","59","5915007","5915","0.312",1565,705,948,700005,867
"215","9330170.05","CT","White Rock",0.32064,2418,1729,1671,"59933","59","5915007","5915","0.348",1060,605,723,290356,869
"216","9330170.07","CT","White Rock",1.21921,4009,1617,1542,"59933","59","5915007","5915","0.341",1115,425,1266,623109,1358
"217","9330170.08","CT","White Rock",0.93317,3692,1979,1806,"59933","59","5915007","5915","0.311",1210,595,1252,699241,1169
"218","9330180.01","CT","Surrey",3.04733,6910,2317,2274,"59933","59","5915004","5915","0.29600000000000004",2150,125,1481,751688,1648
"219","9330180.02","CT","Surrey",47.59253,12007,5212,4482,"59933","59","5915004","5915","0.264",3610,780,1472,662901,1203
"220","9330181.03","CT","Surrey",6.62829,5413,2210,2044,"59933","59","5915004","5915","0.303",1580,455,1189,999696,727
"221","9330181.05","CT","Surrey",2.46113,7466,3536,3416,"59933","59","5915004","5915","0.327",2810,605,783,359625,1345
"222","9330181.06","CT","Surrey",3.81156,5122,2157,2081,"59933","59","5915004","5915","0.318",1810,210,537,598631,1001
"223","9330181.07","CT","Surrey",1.85676,3558,1331,1295,"59933","59","5915004","5915","0.29",1195,110,910,802031,1607
"224","9330181.08","CT","Surrey",1.22238,2562,990,954,"59933","59","5915004","5915","0.298",820,120,826,753091,1831
"225","9330181.09","CT","Surrey",3.90341,6411,2273,2254,"59933","59","5915004","5915","0.213",2110,145,834,898558,1051
"226","9330181.10","CT","Surrey",3.26952,5189,2201,2172,"59933","59","5915004","5915","0.20600000000000002",1985,190,663,659486,823
"227","9330181.11","CT","Surrey",0.64919,2639,1453,1405,"59933","59","5915004","5915","0.319",775,625,590,449228,911
"228","9330181.12","CT","Surrey",3.49046,2884,1016,974,"59933","59","5915004","5915","0.205",920,60,942,1001004,950
"229","9330181.13","CT","Surrey",1.8873,3274,1408,1378,"59933","59","5915004","5915","0.247",1175,200,749,673676,714
"230","9330181.14","CT","Surrey",1.44862,3706,1643,1564,"59933","59","5915004","5915","0.303",1290,275,1194,449732,1002
"231","9330182.01","CT","Surrey",51.24206,4160,1233,1144,"59933","59","5915004","5915","0.385",955,150,1500,897238,650
"232","9330182.02","CT","Surrey",2.6565,5604,1678,1594,"59933","59","5915004","5915","0.369",1475,125,1924,647344,1275
"233","9330182.03","CT","Surrey",8.14591,3798,1179,1107,"59933","59","5915004","5915","0.31",910,185,1372,648157,701
"234","9330182.04","CT","Surrey",2.25546,1731,535,528,"59933","59","5915004","5915","0.25",470,35,1526,625574,460
"235","9330182.05","CT","Surrey",19.05692,6539,2131,2033,"59933","59","5915004","5915","0.33299999999999996",1595,440,1455,552798,902
"236","9330182.06","CT","Surrey",10.20122,1180,453,408,"59933","59","5915004","5915","0.35100000000000003",260,150,1112,648892,1370
"237","9330183.01","CT","Surrey",2.6634,6161,2089,2009,"59933","59","5915004","5915","0.298",1660,340,1651,501002,1049
"238","9330183.03","CT","Surrey",2.87277,5922,2539,2429,"59933","59","5915004","5915","0.35",1745,685,1142,429866,772
"239","9330183.04","CT","Surrey",7.19658,14034,5723,5192,"59933","59","5915004","5915","0.268",4175,1015,1736,450478,991
"240","9330183.05","CT","Surrey",3.45843,9377,3068,3035,"59933","59","5915004","5915","0.29100000000000004",2835,195,1751,501547,889
"241","9330183.06","CT","Surrey",1.34115,2356,998,985,"59933","59","5915004","5915","0.314",885,100,1294,348363,928
"242","9330183.07","CT","Surrey",2.54659,6474,2253,2224,"59933","59","5915004","5915","0.3",2030,195,1348,552652,865
"243","9330184.02","CT","Surrey",2.62379,7509,3001,2872,"59933","59","5915004","5915","0.245",2080,790,1034,225274,865
"244","9330184.06","CT","Surrey",2.64074,8965,2444,2235,"59933","59","5915004","5915","0.315",1475,760,2199,601478,614
"245","9330184.07","CT","Surrey",1.33489,5105,1910,1823,"59933","59","5915004","5915","0.285",1195,625,902,375780,749
"246","9330184.08","CT","Surrey",1.27555,5005,1523,1412,"59933","59","5915004","5915","0.392",1150,260,1601,460495,794
"247","9330184.09","CT","Surrey",1.3166,4828,1405,1323,"59933","59","5915004","5915","0.305",1005,305,1512,500589,650
"248","9330184.10","CT","Surrey",1.32954,5265,1644,1455,"59933","59","5915004","5915","0.299",920,535,1866,601545,651
"249","9330184.11","CT","Surrey",2.60844,9118,2563,2417,"59933","59","5915004","5915","0.33899999999999997",1680,740,1737,636753,674
"250","9330184.12","CT","Surrey",1.96801,3601,1219,978,"59933","59","5915004","5915","0.35600000000000004",815,165,2033,528964,603
"251","9330184.13","CT","Surrey",4.51808,4058,1214,1119,"59933","59","5915004","5915","0.293",890,225,1883,672782,627
"252","9330184.14","CT","Surrey",1.55115,6331,2379,2169,"59933","59","5915004","5915","0.239",1940,235,1773,450054,1344
"253","9330184.15","CT","Surrey",0.98485,3166,900,843,"59933","59","5915004","5915","0.20199999999999999",710,140,1580,552538,675
"254","9330184.16","CT","Surrey",1.65294,5485,1608,1520,"59933","59","5915004","5915","0.28300000000000003",1155,365,1575,488874,748
"255","9330185.05","CT","Surrey",1.33354,5748,1850,1658,"59933","59","5915004","5915","0.369",855,800,1488,449493,703
"256","9330185.07","CT","Surrey",2.62527,7752,2289,2089,"59933","59","5915004","5915","0.2",1600,485,1615,551001,642
"257","9330185.08","CT","Surrey",3.69636,1432,445,414,"59933","59","5915004","5915","0.336",375,40,1090,977454,2151
"258","9330185.09","CT","Surrey",2.65706,5002,1826,1723,"59933","59","5915004","5915","0.192",1215,505,1139,324639,890
"259","9330185.10","CT","Surrey",1.29478,5781,1679,1522,"59933","59","5915004","5915","0.302",925,550,1526,500945,651
"260","9330185.11","CT","Surrey",1.32045,7856,2409,2277,"59933","59","5915004","5915","0.21",1380,895,1340,376608,650
"261","9330185.12","CT","Surrey",1.32328,6657,1846,1724,"59933","59","5915004","5915","0.331",1295,430,1625,481214,648
"262","9330185.15","CT","Surrey",2.6243,6175,1855,1681,"59933","59","5915004","5915","0.235",1075,605,1365,500548,648
"263","9330185.16","CT","Surrey",2.60928,4994,1378,1226,"59933","59","5915004","5915","0.258",740,530,1617,449768,650
"264","9330185.17","CT","Surrey",1.04321,3649,1358,1322,"59933","59","5915004","5915","0.24",1145,175,610,580915,950
"265","9330185.18","CT","Surrey",1.68416,4779,1374,1295,"59933","59","5915004","5915","0.33",965,325,1513,683215,625
"266","9330185.19","CT","Surrey",0.67403,5418,1751,1643,"59933","59","5915004","5915","0.187",1220,420,1378,384669,603
"267","9330185.20","CT","Surrey",0.67359,4808,1312,1224,"59933","59","5915004","5915","0.24",775,460,1764,501325,604
"268","9330185.21","CT","Surrey",0.66837,3640,1292,1199,"59933","59","5915004","5915","0.336",775,445,1296,359022,649
"269","9330185.22","CT","Surrey",0.67219,4214,1118,1003,"59933","59","5915004","5915","0.285",460,520,1931,601131,603
"270","9330186.01","CT","Surrey",1.991,7137,2391,2207,"59933","59","5915004","5915","0.302",1465,735,1330,479678,711
"271","9330186.02","CT","Surrey",1.91099,5495,2048,1830,"59933","59","5915004","5915","0.486",1130,730,1612,450292,720
"272","9330186.05","CT","Surrey",1.25138,7187,2252,2130,"59933","59","5915004","5915","0.302",1130,1005,1315,399397,727
"273","9330186.06","CT","Surrey",1.28473,4079,1152,1045,"59933","59","5915004","5915","0.23600000000000002",630,435,1373,500257,674
"274","9330186.07","CT","Surrey",1.31071,5679,1569,1463,"59933","59","5915004","5915","0.24600000000000002",845,605,1803,500612,651
"275","9330186.08","CT","Surrey",1.30317,6269,1943,1841,"59933","59","5915004","5915","0.28800000000000003",1150,660,1311,424664,722
"276","9330187.03","CT","Surrey",2.58115,7252,2362,2168,"59933","59","5915004","5915","0.312",1525,640,1547,473758,772
"277","9330187.04","CT","Surrey",1.22853,1699,485,439,"59933","59","5915004","5915","0.184",250,135,1360,449966,702
"278","9330187.05","CT","Surrey",1.30964,7306,2087,1885,"59933","59","5915004","5915","0.374",1095,815,1647,532425,700
"279","9330187.06","CT","Surrey",2.59674,6777,2203,2091,"59933","59","5915004","5915","0.19399999999999998",1575,520,1259,524784,925
"280","9330187.07","CT","Surrey",0.66415,1932,576,541,"59933","59","5915004","5915","0.35",475,70,1376,648261,925
"281","9330187.11","CT","Surrey",1.38528,4861,1701,1647,"59933","59","5915004","5915","0.196",1485,160,1531,350134,1002
"282","9330187.12","CT","Surrey",1.14835,4270,1405,1393,"59933","59","5915004","5915","0.265",1125,270,1153,459282,972
"283","9330187.13","CT","Surrey",1.10751,3842,1245,1174,"59933","59","5915004","5915","0.195",775,395,1564,527258,803
"284","9330187.14","CT","Surrey",0.64619,3404,1300,1263,"59933","59","5915004","5915","0.28600000000000003",1175,85,1404,318548,595
"285","9330187.15","CT","Surrey",0.6979,4066,1230,1179,"59933","59","5915004","5915","0.316",965,210,1396,429983,700
"286","9330187.16","CT","Surrey",0.90313,2972,934,892,"59933","59","5915004","5915","0.298",795,125,1531,480050,1316
"287","9330188.01","CT","Surrey",3.24027,3148,896,857,"59933","59","5915004","5915","0.252",765,90,2016,697143,1273
"288","9330188.02","CT","Surrey",1.06859,2832,826,774,"59933","59","5915004","5915","0.20199999999999999",590,175,1584,650290,801
"289","9330188.04","CT","Surrey",3.86936,4108,1278,1151,"59933","59","5915004","5915","0.326",895,275,1578,598654,675
"290","9330188.05","CT","Surrey",7.19567,2687,796,750,"59933","59","5915004","5915","0.272",680,55,1441,697074,360
"291","9330188.06","CT","Surrey",4.11064,1184,407,369,"59933","59","5915004","5915","0.33899999999999997",230,105,1528,785499,1219
"292","9330188.07","CT","Surrey",2.71778,4431,1266,1212,"59933","59","5915004","5915","0.244",1125,95,1503,699554,802
"293","9330188.08","CT","Surrey",1.2783,4046,1158,1141,"59933","59","5915004","5915","0.213",1020,110,1609,647818,1100
"294","9330189.03","CT","Surrey",1.57755,3350,1153,1081,"59933","59","5915004","5915","0.35",875,205,1293,401009,903
"295","9330189.05","CT","Surrey",1.3284,8114,3644,3547,"59933","59","5915004","5915","0.19699999999999998",2210,1340,989,270314,803
"296","9330189.06","CT","Surrey",2.41577,2925,1034,944,"59933","59","5915004","5915","0.319",675,295,1237,400335,1003
"297","9330189.07","CT","Surrey",0.83665,2487,998,948,"59933","59","5915004","5915","0.303",780,190,1140,259605,1034
"298","9330189.08","CT","Surrey",0.66963,6617,2845,2721,"59933","59","5915004","5915","0.371",970,1750,1120,200598,799
"299","9330189.09","CT","Surrey",1.32943,4088,1333,1261,"59933","59","5915004","5915","0.324",1050,195,1506,501318,701
"300","9330189.10","CT","Surrey",1.32113,6618,2338,2244,"59933","59","5915004","5915","0.23199999999999998",1550,690,1386,320863,932
"301","9330190.01","CT","Surrey",1.46946,6748,3679,2806,"59933","59","5915004","5915","0.272",1530,1280,1069,250360,911
"302","9330190.03","CT","Surrey",1.93869,6183,2491,2200,"59933","59","5915004","5915","0.332",1005,1195,1092,269424,897
"303","9330190.04","CT","Surrey",3.05245,6623,2387,2172,"59933","59","5915004","5915","0.335",1605,565,1453,449451,801
"304","9330190.05","CT","Surrey",0.60743,1753,654,603,"59933","59","5915004","5915","0.44299999999999995",320,280,1777,449682,880
"305","9330191.03","CT","Surrey",1.31926,5377,1697,1552,"59933","59","5915004","5915","0.275",980,605,1494,460780,650
"306","9330191.04","CT","Surrey",1.32867,5884,2815,2616,"59933","59","5915004","5915","0.34700000000000003",1245,1370,983,210204,735
"307","9330191.05","CT","Surrey",1.40808,3837,1360,1212,"59933","59","5915004","5915","0.318",665,520,1181,449714,801
"308","9330191.06","CT","Surrey",0.50094,2594,1182,1117,"59933","59","5915004","5915","0.39399999999999996",615,565,1061,295166,800
"309","9330191.07","CT","Surrey",0.72545,3535,2076,1835,"59933","59","5915004","5915","0.316",500,1340,1210,239941,847
"310","9330192.00","CT","Surrey",13.27301,4145,1647,1462,"59933","59","5915004","5915","0.386",950,445,1210,400260,833
"311","9330200.00","CT","New Westminster",4.05101,7125,2568,2279,"59933","59","5915029","5915","0.332",1710,565,1897,519476,802
"312","9330201.00","CT","New Westminster",0.77643,1818,660,611,"59933","59","5915029","5915","0.312",390,225,1218,600384,848
"313","9330202.00","CT","New Westminster",2.01186,8867,4860,4623,"59933","59","5915029","5915","0.247",3025,1600,1350,348231,1098
"314","9330203.00","CT","New Westminster",1.1241,4640,1765,1617,"59933","59","5915029","5915","0.242",1195,425,1329,648294,850
"315","9330204.01","CT","New Westminster",0.40712,4261,2445,2308,"59933","59","5915029","5915","0.255",865,1440,1317,299386,835
"316","9330204.02","CT","New Westminster",0.70306,5215,2764,2611,"59933","59","5915029","5915","0.304",745,1865,1474,499936,827
"317","9330205.01","CT","New Westminster",0.50609,4097,2498,2344,"59933","59","5915029","5915","0.336",730,1615,1286,348798,770
"318","9330205.02","CT","New Westminster",0.62065,5165,3126,3012,"59933","59","5915029","5915","0.276",1445,1560,721,349243,835
"319","9330206.00","CT","New Westminster",0.47777,2572,1496,1394,"59933","59","5915029","5915","0.28600000000000003",850,540,1256,299438,876
"320","9330207.00","CT","New Westminster",0.51432,2143,1396,1282,"59933","59","5915029","5915","0.32899999999999996",520,765,990,249957,802
"321","9330208.00","CT","New Westminster",1.67738,5910,2695,2590,"59933","59","5915029","5915","0.268",1520,1065,1436,651046,661
"322","9330209.00","CT","New Westminster",2.56822,8540,3706,3481,"59933","59","5915029","5915","0.26",2730,750,1329,498802,1046
"323","9330210.00","CT","New Westminster",2.76497,5623,2626,2434,"59933","59","5915029","5915","0.34600000000000003",1480,955,1405,501607,824
"324","9330220.00","CT","Burnaby",9.86126,1076,400,359,"59933","59","5915025","5915","0.348",225,125,1423,601865,902
"325","9330221.01","CT","Burnaby",1.22944,1736,614,597,"59933","59","5915025","5915","0.363",510,105,583,759420,1451
"326","9330221.03","CT","Burnaby",1.29855,3465,1202,1141,"59933","59","5915025","5915","0.278",970,155,657,801563,1049
"327","9330221.04","CT","Burnaby",1.32234,5337,1762,1658,"59933","59","5915025","5915","0.273",1165,485,750,802770,966
"328","9330222.01","CT","Burnaby",1.55171,7303,2690,2596,"59933","59","5915025","5915","0.21899999999999997",1985,610,1408,601302,1001
"329","9330222.02","CT","Burnaby",1.35949,5802,2657,2573,"59933","59","5915025","5915","0.289",2215,360,1251,411242,1241
"330","9330223.01","CT","Burnaby",1.4792,6509,2284,2206,"59933","59","5915025","5915","0.23800000000000002",1385,825,1569,440007,1001
"331","9330223.02","CT","Burnaby",0.7551,4668,1734,1561,"59933","59","5915025","5915","0.22899999999999998",775,785,1661,690932,906
"332","9330224.01","CT","Burnaby",0.46568,6683,3332,3217,"59933","59","5915025","5915","0.252",1585,1635,1312,368841,819
"333","9330224.02","CT","Burnaby",0.69558,4898,2027,1943,"59933","59","5915025","5915","0.23800000000000002",755,1190,1153,697280,751
"334","9330225.01","CT","Burnaby",1.46988,5864,1964,1850,"59933","59","5915025","5915","0.27399999999999997",1405,445,767,801643,1141
"335","9330225.02","CT","Burnaby",1.35522,5016,2493,2226,"59933","59","5915025","5915","0.228",1410,815,1244,400830,824
"336","9330226.02","CT","Burnaby",1.35012,4188,1588,1462,"59933","59","5915025","5915","0.252",895,575,710,802760,933
"337","9330226.03","CT","Burnaby",0.73006,6426,3227,3041,"59933","59","5915025","5915","0.226",1605,1440,580,400209,1085
"338","9330226.04","CT","Burnaby",0.2875,2479,1285,1215,"59933","59","5915025","5915","0.266",335,895,1071,344874,853
"339","9330227.01","CT","Burnaby",0.27746,3941,1918,1799,"59933","59","5915025","5915","0.264",165,1635,479,250431,851
"340","9330227.02","CT","Burnaby",1.13209,5381,2926,2845,"59933","59","5915025","5915","0.20800000000000002",1380,1465,640,341901,855
"341","9330228.02","CT","Burnaby",0.98048,3687,1271,1200,"59933","59","5915025","5915","0.312",890,300,725,799164,1202
"342","9330228.03","CT","Burnaby",0.32753,4542,2323,2164,"59933","59","5915025","5915","0.177",830,1330,589,401241,1018
"343","9330228.04","CT","Burnaby",0.71664,5348,2468,2382,"59933","59","5915025","5915","0.21600000000000003",1500,880,833,349023,875
"344","9330229.00","CT","Burnaby",3.06625,6994,2845,2738,"59933","59","5915025","5915","0.262",1825,910,1001,601809,947
"345","9330230.01","CT","Burnaby",4.41213,5447,1995,1948,"59933","59","5915025","5915","0.248",1775,175,824,700126,1149
"346","9330230.02","CT","Burnaby",3.99492,4881,1879,1803,"59933","59","5915025","5915","0.331",825,980,1658,696682,761
"347","9330231.00","CT","Burnaby",2.13725,4137,1408,1344,"59933","59","5915025","5915","0.256",1150,195,1155,802135,1301
"348","9330232.00","CT","Burnaby",3.07193,3294,1096,1037,"59933","59","5915025","5915","0.337",745,280,1016,802682,1066
"349","9330233.00","CT","Burnaby",1.51033,7414,2429,2268,"59933","59","5915025","5915","0.27",1490,780,1191,700084,983
"350","9330234.00","CT","Burnaby",4.59863,6961,2326,2203,"59933","59","5915025","5915","0.287",1685,515,814,649093,1004
"351","9330235.02","CT","Burnaby",1.42513,4759,1789,1767,"59933","59","5915025","5915","0.273",1400,370,1208,400280,1053
"352","9330235.03","CT","Burnaby",0.42942,3989,2281,2220,"59933","59","5915025","5915","0.287",890,1330,998,278611,964
"353","9330235.04","CT","Burnaby",1.05686,6417,3042,2974,"59933","59","5915025","5915","0.257",1790,1180,1307,300800,1013
"354","9330236.00","CT","Burnaby",4.2145,3856,1216,1193,"59933","59","5915025","5915","0.265",1050,160,696,900928,1221
"355","9330237.00","CT","Burnaby",2.53994,7674,3056,2913,"59933","59","5915025","5915","0.205",1925,990,728,699915,1097
"356","9330238.01","CT","Burnaby",1.23007,3535,1346,1299,"59933","59","5915025","5915","0.231",1060,240,821,750509,1506
"357","9330238.02","CT","Burnaby",2.32296,7133,2544,2392,"59933","59","5915025","5915","0.28600000000000003",1585,805,666,850295,1051
"358","9330239.00","CT","Burnaby",2.3538,10165,4504,4231,"59933","59","5915025","5915","0.23600000000000002",2710,1520,1245,599406,1253
"359","9330240.01","CT","Burnaby",2.1982,7465,3474,3343,"59933","59","5915025","5915","0.254",2600,745,1102,460575,1189
"360","9330240.02","CT","Burnaby",0.8865,5413,2241,2062,"59933","59","5915025","5915","0.292",1375,690,1159,750520,968
"361","9330241.00","CT","Burnaby",1.90721,7579,3140,2963,"59933","59","5915025","5915","0.179",2035,925,821,799619,888
"362","9330242.00","CT","Burnaby",4.61235,7264,3089,2905,"59933","59","5915025","5915","0.253",1935,965,718,848515,950
"363","9330243.01","CT","Burnaby",1.70229,6162,2318,2191,"59933","59","5915025","5915","0.273",1385,800,644,849951,1002
"364","9330243.02","CT","Burnaby",13.63952,8330,3200,3010,"59933","59","5915025","5915","0.221",1890,1115,1485,494868,1172
"365","9330250.01","CT","Bowen Island",50.53392,3402,1760,1345,"59933","59","5915062","5915","",NA,NA,NA,NA,NA
"366","9330250.02","CT","Greater Vancouver A",884.07153,4175,1819,1453,"59933","59","5915020","5915","0.365",1315,140,1737,1101890,1132
"367","9330251.00","CT","Greater Vancouver A",8.35332,137,63,53,"59933","59","5915020","5915","0.42100000000000004",25,0,425,488533,0
"368","9330260.04","CT","Port Moody",1.18574,3861,1391,1345,"59933","59","5915043","5915","0.23600000000000002",950,410,1344,599392,1335
"369","9330260.05","CT","Port Moody",3.0889,4212,1553,1539,"59933","59","5915043","5915","0.247",1100,425,1533,598698,803
"370","9330260.06","CT","Port Moody",2.57681,4011,1465,1430,"59933","59","5915043","5915","0.27899999999999997",1355,65,1192,759534,873
"371","9330260.07","CT","Port Moody",1.08525,4997,2129,2085,"59933","59","5915043","5915","0.314",1660,425,1390,383184,1305
"372","9330260.08","CT","Port Moody",3.43936,7496,2390,2361,"59933","59","5915043","5915","0.242",2185,175,1887,699079,1926
"373","9330260.09","CT","Port Moody",14.69632,4714,2210,2078,"59933","59","5915043","5915","0.315",1335,755,1524,400969,854
"374","9330260.10","CT","Port Moody",0.29231,3684,1851,1790,"59933","59","5915043","5915","0.307",1130,660,1583,366161,1454
"375","9330270.00","CT","Coquitlam",6.02423,5,1,1,"59933","59","5915034","5915","",NA,NA,NA,NA,NA
"376","9330280.00","CT","Coquitlam",4.93976,3697,1114,1097,"59933","59","5915034","5915","0.172",960,105,871,651215,851
"377","9330281.01","CT","Coquitlam",2.15126,6268,2229,2099,"59933","59","5915034","5915","0.249",1775,325,1288,668110,963
"378","9330281.02","CT","Coquitlam",2.61469,6563,2543,2443,"59933","59","5915034","5915","0.17300000000000001",1840,600,1055,581216,952
"379","9330282.01","CT","Coquitlam",1.42053,3983,1585,1427,"59933","59","5915034","5915","0.392",960,490,1457,560874,848
"380","9330282.02","CT","Coquitlam",1.315,4233,1822,1743,"59933","59","5915034","5915","0.23600000000000002",1265,480,1119,348333,803
"381","9330283.00","CT","Coquitlam",2.19842,7823,3315,3099,"59933","59","5915034","5915","0.32",1645,1450,1420,550397,914
"382","9330284.01","CT","Coquitlam",2.14971,7050,2907,2799,"59933","59","5915034","5915","0.284",1425,1375,1011,550399,948
"383","9330284.02","CT","Coquitlam",2.09349,6781,2770,2539,"59933","59","5915034","5915","0.293",1775,765,1103,627366,883
"384","9330285.01","CT","Coquitlam",0.66004,3089,1799,1671,"59933","59","5915034","5915","0.267",615,1055,963,257499,787
"385","9330285.02","CT","Coquitlam",2.24866,5596,1950,1830,"59933","59","5915034","5915","0.31",1550,280,623,696509,1065
"386","9330286.01","CT","Coquitlam",4.13357,5787,2063,1939,"59933","59","5915034","5915","0.2",1670,270,1037,680116,1003
"387","9330286.02","CT","Coquitlam",2.8163,7572,2566,2499,"59933","59","5915034","5915","0.266",2130,370,1535,557670,888
"388","9330286.03","CT","Coquitlam",2.98905,4158,1491,1426,"59933","59","5915034","5915","0.254",1260,160,1351,682525,815
"389","9330287.01","CT","Coquitlam",1.92763,7253,2434,2308,"59933","59","5915034","5915","0.262",1755,550,1470,549928,1002
"390","9330287.02","CT","Coquitlam",61.05588,5659,1964,1821,"59933","59","5915034","5915","0.27899999999999997",1690,125,1714,697416,1071
"391","9330287.06","CT","Coquitlam",1.17492,4325,1633,1591,"59933","59","5915034","5915","0.222",995,600,956,599050,691
"392","9330287.09","CT","Coquitlam",0.59835,3658,1928,1769,"59933","59","5915034","5915","0.332",985,780,1186,300056,1226
"393","9330287.10","CT","Coquitlam",1.19951,2976,881,858,"59933","59","5915034","5915","0.247",775,80,1845,777372,1378
"394","9330287.11","CT","Coquitlam",1.90083,5285,1801,1759,"59933","59","5915034","5915","0.253",1470,290,1214,591442,1063
"395","9330287.12","CT","Coquitlam",1.11049,3759,1243,1202,"59933","59","5915034","5915","0.31",1055,145,1722,649469,1299
"396","9330287.13","CT","Coquitlam",2.24543,8489,2900,2710,"59933","59","5915034","5915","0.22",2140,570,1715,648931,1284
"397","9330287.14","CT","Coquitlam",18.50929,4559,1461,1367,"59933","59","5915034","5915","0.244",1205,160,1933,750611,1002
"398","9330287.15","CT","Coquitlam",1.44328,3942,1695,1634,"59933","59","5915034","5915","0.257",1350,280,991,330789,1020
"399","9330287.16","CT","Coquitlam",0.79846,3985,2001,1935,"59933","59","5915034","5915","0.273",1575,365,1127,300288,1251
"400","9330290.02","CT","Port Coquitlam",5.06106,7930,3982,3809,"59933","59","5915039","5915","0.22399999999999998",2635,1175,1313,269480,1028
"401","9330290.03","CT","Coquitlam 2",3.33562,6265,2233,2123,"59933","59","5915804","5915","0.259",1615,505,1516,501409,803
"402","9330290.04","CT","Port Coquitlam",7.67739,7309,2494,2477,"59933","59","5915039","5915","0.252",2330,145,1379,598890,904
"403","9330290.05","CT","Port Coquitlam",1.81391,3388,1185,1144,"59933","59","5915039","5915","0.267",925,220,1483,501589,973
"404","9330291.01","CT","Port Coquitlam",2.30884,7576,3242,3013,"59933","59","5915039","5915","0.264",2030,980,1381,448960,844
"405","9330291.02","CT","Port Coquitlam",3.13546,8023,3001,2815,"59933","59","5915039","5915","0.221",2135,685,1326,459914,992
"406","9330292.01","CT","Port Coquitlam",2.10616,5483,1870,1817,"59933","59","5915039","5915","0.255",1610,205,1497,539552,975
"407","9330292.03","CT","Port Coquitlam",3.20337,6449,2083,2063,"59933","59","5915039","5915","0.304",1705,355,1600,539736,981
"408","9330292.04","CT","Port Coquitlam",5.90925,3924,1444,1391,"59933","59","5915039","5915","0.254",1120,255,1705,450222,752
"409","9330400.02","CT","Maple Ridge",41.09432,4140,1597,1475,"59933","59","5915075","5915","0.364",1280,105,1495,601062,1004
"410","9330400.04","CT","Maple Ridge",12.77745,6564,2162,2049,"59933","59","5915075","5915","0.297",1660,370,1887,549083,1146
"411","9330400.05","CT","Maple Ridge",6.19206,6253,2132,2092,"59933","59","5915075","5915","0.324",1870,255,1740,435749,903
"412","9330400.06","CT","Maple Ridge",1.46232,4064,1269,1231,"59933","59","5915075","5915","0.35",1035,165,1980,511167,950
"413","9330401.01","CT","Maple Ridge",1.45407,2622,1153,1116,"59933","59","5915075","5915","0.405",690,435,1460,425787,552
"414","9330401.02","CT","Maple Ridge",3.56358,7600,3894,3666,"59933","59","5915075","5915","0.298",2415,1250,1170,304317,761
"415","9330402.02","CT","Maple Ridge",3.01936,5255,1969,1924,"59933","59","5915075","5915","0.303",1625,280,1269,423950,960
"416","9330402.03","CT","Maple Ridge",1.3191,4534,2249,2146,"59933","59","5915075","5915","0.35700000000000004",1335,810,984,349820,864
"417","9330402.04","CT","Maple Ridge",1.79626,4081,1529,1483,"59933","59","5915075","5915","0.312",1160,340,1484,427433,1503
"418","9330403.01","CT","Maple Ridge",2.84812,5403,2055,1993,"59933","59","5915075","5915","0.295",1610,385,1266,400932,969
"419","9330403.03","CT","Maple Ridge",4.33647,5502,2089,2025,"59933","59","5915075","5915","0.29100000000000004",1620,340,1509,400252,882
"420","9330403.04","CT","Maple Ridge",5.0577,4527,1647,1616,"59933","59","5915075","5915","0.27",1440,170,1545,449342,1004
"421","9330403.05","CT","Maple Ridge",1.87448,4514,1590,1565,"59933","59","5915075","5915","0.289",1340,205,1477,500731,886
"422","9330404.01","CT","Maple Ridge",35.63382,6246,2193,2122,"59933","59","5915075","5915","0.28800000000000003",1835,235,1493,519577,974
"423","9330404.02","CT","Maple Ridge",164.19709,4976,1697,1606,"59933","59","5915075","5915","0.258",1465,105,1932,598772,1283
"424","9330410.02","CT","Pitt Meadows",26.88619,6460,2710,2562,"59933","59","5915070","5915","0.33399999999999996",1850,680,1329,359902,802
"425","9330410.04","CT","Pitt Meadows",64.70741,1495,641,594,"59933","59","5915070","5915","0.42200000000000004",395,150,773,501380,1248
"426","9330410.05","CT","Pitt Meadows",1.67128,5152,2059,1978,"59933","59","5915070","5915","0.314",1460,515,1342,473159,1001
"427","9330410.06","CT","Pitt Meadows",2.72199,4629,1603,1584,"59933","59","5915070","5915","0.23600000000000002",1460,125,1750,500474,1643
"428","9330500.00","CT","Langley",72.67549,6455,2693,2532,"59933","59","5915001","5915","0.41600000000000004",1420,515,660,696989,981
"429","9330501.01","CT","Langley",19.84666,3308,1243,1172,"59933","59","5915001","5915","0.35100000000000003",865,275,860,580032,802
"430","9330501.02","CT","Langley",19.03379,5367,1969,1909,"59933","59","5915001","5915","0.319",1670,195,1247,751345,750
"431","9330501.03","CT","Langley",23.2834,3242,1124,1078,"59933","59","5915001","5915","0.327",895,125,1429,518968,850
"432","9330502.01","CT","Langley",1.49035,2477,914,886,"59933","59","5915001","5915","0.32799999999999996",885,55,1248,501043,1037
"433","9330502.02","CT","Langley",9.78032,3797,1647,1597,"59933","59","5915001","5915","0.348",1250,260,611,510898,1099
"434","9330502.03","CT","Langley",2.61531,4954,1720,1672,"59933","59","5915001","5915","0.24",1440,225,1415,525860,926
"435","9330502.05","CT","Langley",33.50867,2705,1057,966,"59933","59","5915001","5915","0.386",650,215,1007,752778,1001
"436","9330502.06","CT","Langley",3.38708,2881,999,955,"59933","59","5915001","5915","0.35",870,65,1565,649466,904
"437","9330502.07","CT","Langley",3.15447,5155,2235,2131,"59933","59","5915001","5915","0.271",1855,275,1014,500917,874
"438","9330503.01","CT","Langley",1.09494,2476,864,842,"59933","59","5915002","5915","0.249",735,80,1836,501468,1256
"439","9330503.03","CT","Langley",3.607,7086,2488,2419,"59933","59","5915002","5915","0.305",2130,320,1407,474890,1128
"440","9330503.06","CT","Langley",0.58715,4377,2322,2198,"59933","59","5915002","5915","0.285",1485,710,1032,240586,930
"441","9330503.07","CT","Langley",0.84496,4501,2709,2576,"59933","59","5915002","5915","0.23399999999999999",935,1640,601,230270,752
"442","9330503.08","CT","Langley",2.50531,3976,2173,2065,"59933","59","5915002","5915","0.34700000000000003",1170,890,1143,250171,915
"443","9330503.09","CT","Langley",1.58264,2665,1254,1215,"59933","59","5915002","5915","0.337",895,315,1182,250232,881
"444","9330504.03","CT","Langley",15.17754,6357,2225,2151,"59933","59","5915001","5915","0.245",1865,260,1632,500207,1002
"445","9330504.05","CT","Langley",3.82717,7654,2827,2750,"59933","59","5915001","5915","0.243",2325,425,1286,479453,1242
"446","9330504.06","CT","Langley",5.26046,1866,739,720,"59933","59","5915001","5915","0.183",660,65,673,469793,1002
"447","9330504.07","CT","Langley",0.84364,3182,1332,1323,"59933","59","5915001","5915","0.23600000000000002",1250,55,1290,348536,1104
"448","9330504.08","CT","Langley",1.22552,4212,1555,1551,"59933","59","5915001","5915","0.20600000000000002",1490,70,1028,449654,827
"449","9330504.09","CT","Langley",3.50246,4523,1416,1352,"59933","59","5915001","5915","0.359",1245,120,2169,648639,1065
"450","9330504.10","CT","Langley",1.13484,3968,1577,1545,"59933","59","5915001","5915","0.33799999999999997",1400,165,1412,379398,1027
"451","9330504.11","CT","Langley",11.5357,4377,1808,1410,"59933","59","5915001","5915","0.366",1110,275,1826,557382,1527
"452","9330504.12","CT","Langley",3.97579,4417,1377,1302,"59933","59","5915001","5915","0.26",1110,175,1807,599737,1336
"453","9330504.13","CT","Langley",1.6693,3381,1365,1350,"59933","59","5915001","5915","0.21899999999999997",1105,230,1721,341549,1648
"454","9330505.01","CT","Langley",5.2577,3241,1259,1210,"59933","59","5915001","5915","0.309",1000,205,1370,618867,901
"455","9330505.02","CT","Langley",65.64278,5783,2009,1878,"59933","59","5915001","5915","0.327",1245,475,1775,659847,1029
"456","9330506.01","CT","Langley",3.07029,4036,1505,1455,"59933","59","5915001","5915","0.321",1145,290,1259,348728,935
"457","9330506.02","CT","Langley",6.23561,7405,2830,2646,"59933","59","5915001","5915","0.256",2030,610,1391,401310,801
